,Name,Position,Age,Height,FG%,3P%,AST,TOV,PTS,Tm,Rebounds,STL,BLK,Overall,PERSON_ID
0,Jaylen Brown,SG,24,"6' 6""",0.473,0.358,3.5,2.7,23.6,BOS,6.1,1.1,0.3,71.4456262209681,1627759.0
1,Kris Dunn,PG,27,"6' 3""",0.431,0.091,5.6,2.3,7.6,POR,3.5,1.6,0.2,47.05882352941176,1627739.0
2,Carsen Edwards,PG,23,"5' 11""",0.3,0.25,3.5,1.3,5.8,DET,1.5,0.5,0.0,35.055350553505534,
3,Tacko Fall,C,25,"7' 5""",0.417,0.0,0.2,0.3,1.1,CLE,2.1,0.0,0.5,19.112220533970046,
4,Bruno Fernando,F,23,"6' 9""",0.655,0.5,0.2,0.5,2.9,TOT,1.7999999999999998,0.0,0.4,44.44323855003256,
5,Bruno Fernando,F,23,"6' 9""",0.5,1.0,0.2,0.3,1.0,BOS,0.8,0.0,0.2,51.877577599305404,
6,Bruno Fernando,F,23,"6' 9""",0.707,0.0,0.3,0.9,6.9,HOU,4.0,0.1,0.8,38.43064901237248,
7,Al Horford,C,35,"6' 9""",0.467,0.336,3.4,0.9,10.2,BOS,7.699999999999999,0.7,1.3,59.463859344475786,201143.0
8,Luke Kornet,C,26,"7' 2""",0.481,0.0,0.6,0.0,2.0,TOT,2.0,0.2,0.2,22.60690253961363,1628436.0
9,Luke Kornet,C,26,"7' 2""",0.2,0.0,0.5,0.0,2.0,CLE,1.5,0.0,0.5,13.023659648361189,1628436.0
10,Luke Kornet,C,26,"7' 2""",0.0,0.0,0.0,0.0,0.0,MIL,1.0,0.0,0.0,1.085304970696766,1628436.0
11,Luke Kornet,C,26,"7' 2""",0.571,0.0,0.7,0.0,2.2,BOS,2.1,0.3,0.2,26.405469937052313,1628436.0
12,Romeo Langford,SG,21,"6' 4""",0.435,0.341,0.4,0.3,4.5,TOT,2.2,0.5,0.3,36.010418927718696,
13,Romeo Langford,SG,21,"6' 4""",0.429,0.349,0.4,0.4,4.7,BOS,2.4,0.5,0.4,36.83525070544823,
14,Romeo Langford,SG,21,"6' 4""",0.571,0.0,0.5,0.0,2.8,SAS,1.0,0.3,0.0,24.77751248100716,
15,Aaron Nesmith,SF,21,"6' 5""",0.396,0.27,0.4,0.6,3.8,BOS,1.7,0.4,0.1,30.149772085956155,
16,Jabari Parker,PF,26,"6' 8""",0.474,0.5,0.5,0.7,4.4,BOS,2.3,0.3,0.1,41.37182548296071,203953.0
17,Payton Pritchard,PG,23,"6' 1""",0.429,0.412,2.0,0.6,6.2,BOS,1.9,0.4,0.1,42.14239201215542,
18,Josh Richardson,SG,27,"6' 5""",0.438,0.415,1.8,1.0,10.2,TOT,2.8000000000000003,0.9,0.4,50.02170609941394,1626196.0
19,Josh Richardson,SG,27,"6' 5""",0.443,0.397,1.5,0.9,9.7,BOS,2.9,0.8,0.5,48.513132190145434,1626196.0
20,Josh Richardson,SG,27,"6' 5""",0.429,0.444,2.3,1.3,11.4,SAS,2.9000000000000004,1.0,0.3,53.16909051443456,1626196.0
21,Dennis Schroder,PG,27,"6' 3""",0.431,0.344,4.6,2.2,13.5,TOT,3.3,0.8,0.1,56.38159322769699,203471.0
22,Dennis Schroder,PG,27,"6' 3""",0.44,0.349,4.2,2.1,14.4,BOS,3.4,0.8,0.1,57.054482309528964,203471.0
23,Dennis Schroder,PG,27,"6' 3""",0.393,0.328,5.9,2.6,10.9,HOU,3.3,0.8,0.2,54.94899066637725,203471.0
24,Marcus Smart,PG,27,"6' 3""",0.418,0.331,5.9,2.2,12.1,BOS,3.8000000000000003,1.7,0.3,60.96158020403733,203935.0
25,Jayson Tatum,SF,23,"6' 8""",0.453,0.353,4.4,2.9,26.9,BOS,8.0,1.0,0.6,78.87996527024094,1628369.0
26,Grant Williams,PF,22,"6' 6""",0.475,0.411,1.0,0.8,7.8,BOS,3.5,0.5,0.7,47.189060125895374,
27,LaMarcus Aldridge,F,36,"6' 11""",0.55,0.304,0.9,0.9,12.9,BRK,5.5,0.3,1.0,53.961363143043194,200746.0
28,DeAndre' Bembry,SG,27,"6' 5""",0.561,0.417,1.2,0.6,5.1,TOT,3.0,0.9,0.4,47.47123941827655,1627761.0
29,DeAndre' Bembry,SG,27,"6' 5""",0.568,0.417,1.3,0.6,5.8,BRK,3.2,1.0,0.5,49.544171912307355,1627761.0
30,DeAndre' Bembry,SG,27,"6' 5""",0.375,0.0,0.8,0.1,0.8,MIL,1.4,0.3,0.0,17.31061428261341,1627761.0
31,Bruce Brown,SF,25,"6' 4""",0.506,0.404,2.1,0.8,9.0,BRK,4.8,1.1,0.7,55.02496201432603,1628971.0
32,Jevon Carter,PG,25,"6' 1""",0.387,0.388,1.5,0.5,4.2,TOT,1.7,0.4,0.2,36.8461037551552,1628975.0
33,Jevon Carter,PG,25,"6' 1""",0.333,0.331,1.0,0.6,3.6,BRK,1.5,0.3,0.2,30.952897764271764,1628975.0
34,Jevon Carter,PG,25,"6' 1""",0.506,0.558,2.5,0.4,5.6,MIL,2.1999999999999997,0.5,0.2,50.813978728022576,1628975.0
35,Sekou Doumbouya,SF,20,"6' 8""",0.625,0.5,0.0,1.0,7.0,LAL,3.0,1.5,1.0,55.621879748209246,
36,Kevin Durant,PF,32,"6' 10""",0.518,0.383,6.4,3.5,29.9,BRK,7.4,0.9,0.9,89.57021923160409,201142.0
37,Kessler Edwards,SF,21,"6' 8""",0.412,0.353,0.6,0.9,5.9,BRK,3.6,0.6,0.5,40.102018667245495,
38,Blake Griffin,PF,32,"6' 9""",0.425,0.262,1.9,0.6,6.4,BRK,4.1,0.5,0.3,40.492728456696334,201933.0
39,James Harden,SG,32,"6' 5""",0.41,0.33,10.3,4.4,22.0,TOT,7.6,1.3,0.6,84.7623182114174,201935.0
40,James Harden,SG,32,"6' 5""",0.414,0.332,10.2,4.8,22.5,BRK,8.0,1.3,0.7,86.04297807683959,201935.0
41,James Harden,SG,32,"6' 5""",0.402,0.326,10.5,3.4,21.0,PHI,7.1,1.2,0.2,81.54981549815498,201935.0
42,Joe Harris,SF,30,"6' 6""",0.452,0.466,1.0,1.1,11.3,BRK,4.0,0.5,0.1,50.618623833297164,203925.0
43,Kyrie Irving,PG,29,"6' 2""",0.469,0.418,5.8,2.5,27.4,BRK,4.3999999999999995,1.4,0.6,82.49403082266116,202681.0
44,Alize Johnson,PF,25,"6' 7""",0.436,0.0,0.4,0.5,1.8,TOT,2.5999999999999996,0.2,0.0,20.490557846754935,1628993.0
45,Alize Johnson,PF,25,"6' 7""",0.522,0.0,0.5,0.5,1.8,CHI,2.3,0.2,0.0,23.182114174082916,1628993.0
46,Alize Johnson,PF,25,"6' 7""",0.333,0.0,0.0,1.0,1.3,WAS,4.0,0.0,0.0,16.594313001953548,1628993.0
47,Alize Johnson,PF,25,"6' 7""",0.3,0.0,0.3,0.3,2.3,NOP,3.3,0.5,0.0,18.124593010635987,1628993.0
48,James Johnson,PF,34,"6' 7""",0.469,0.271,2.1,0.8,5.5,BRK,3.4000000000000004,0.5,0.5,41.567180377686135,201949.0
49,Tyler Johnson,SG,29,"6' 3""",0.3,0.385,1.2,0.3,2.8,TOT,2.0,0.5,0.5,33.37312784892555,204020.0
50,Tyler Johnson,SG,29,"6' 3""",0.4,0.429,0.7,0.3,3.7,PHI,2.0,0.3,0.3,36.65074886042978,204020.0
51,Tyler Johnson,SG,29,"6' 3""",0.2,0.333,1.7,0.3,2.0,SAS,2.0,0.7,0.7,29.943564141523765,204020.0
52,Timothe Luwawu-Cabarrot,SG,26,"6' 7""",0.398,0.361,0.8,0.4,4.4,ATL,1.6,0.3,0.1,34.2630779248969,1627789.0
53,Patty Mills,PG,33,"6' 1""",0.408,0.4,2.3,0.9,11.4,BRK,1.9,0.6,0.2,48.339483394833934,201988.0
54,Paul Millsap,PF,36,"6' 7""",0.391,0.229,0.9,0.6,3.5,TOT,3.4000000000000004,0.3,0.4,31.907966138484916,200794.0
55,Paul Millsap,PF,36,"6' 7""",0.376,0.222,1.0,0.5,3.4,BRK,3.7,0.2,0.5,31.625786846103754,200794.0
56,Paul Millsap,PF,36,"6' 7""",0.433,0.25,0.6,0.9,3.7,PHI,2.7,0.6,0.2,33.09094855654439,200794.0
57,Reggie Perry,PF,21,"6' 8""",0.506,0.188,1.2,1.1,9.2,TOT,4.7,0.9,0.6,45.17039288039939,
58,Reggie Perry,PF,21,"6' 8""",0.5,0.188,1.3,1.2,10.0,POR,5.1,1.0,0.7,47.1456479270675,
59,Reggie Perry,PF,21,"6' 8""",1.0,0.0,0.0,0.0,2.0,IND,1.0,0.0,0.0,35.81506403299327,
60,Day'Ron Sharpe,C,19,"6' 11""",0.577,0.286,0.5,0.9,6.2,BRK,5.0,0.3,0.5,43.94399826351204,
61,RJ Barrett,SG,21,"6' 6""",0.408,0.342,3.0,2.2,20.0,NYK,5.800000000000001,0.6,0.2,61.53679183850662,
62,Alec Burks,SG,30,"6' 6""",0.391,0.404,3.0,1.1,11.7,NYK,4.8999999999999995,1.0,0.3,54.64510527458215,202692.0
63,Evan Fournier,G,28,"6' 7""",0.417,0.389,2.1,1.3,14.1,NYK,2.6,1.0,0.3,53.158237464727584,203095.0
64,Taj Gibson,C,36,"6' 9""",0.518,0.395,0.6,0.5,4.4,NYK,4.4,0.4,0.8,44.48665074886043,201959.0
65,Quentin Grimes,SG,21,"6' 5""",0.404,0.381,1.0,0.6,6.0,NYK,2.0,0.7,0.2,39.34230518775776,
66,Jared Harper,PG,23,"5' 10""",0.538,0.417,2.8,0.4,7.4,NOP,0.4,0.8,0.2,48.8929889298893,
67,Miles McBride,PG,20,"6' 2""",0.296,0.25,1.0,0.1,2.2,NYK,1.1,0.4,0.0,24.831777729542,
68,Nerlens Noel,C,27,"6' 11""",0.533,0.0,0.9,0.8,3.4,NYK,5.6,1.2,1.2,36.88951595398307,203457.0
69,Frank Ntilikina,PG,23,"6' 4""",0.399,0.342,1.2,0.5,4.1,DAL,1.4,0.5,0.1,34.653787714347736,1628373.0
70,Norvel Pelle,PF,28,"6' 10""",0.6,0.0,0.0,0.7,2.0,UTA,2.0,0.0,0.3,24.853483828955937,
71,Theo Pinson,SG,25,"6' 5""",0.359,0.333,0.9,0.3,2.5,DAL,1.1,0.3,0.1,29.69394399826351,1629033.0
72,Immanuel Quickley,SG,22,"6' 3""",0.392,0.346,3.5,1.3,11.3,NYK,3.1999999999999997,0.7,0.0,49.64184935967007,
73,Julius Randle,PF,26,"6' 8""",0.411,0.308,5.1,3.4,20.1,NYK,9.899999999999999,0.7,0.5,70.94638593444759,203944.0
74,Mitchell Robinson,C,23,"7' 0""",0.761,0.0,0.5,0.8,8.5,NYK,8.6,0.8,1.8,52.8869112220534,1629011.0
75,Derrick Rose,PG,32,"6' 2""",0.445,0.402,4.0,1.5,12.0,NYK,3.0,0.8,0.5,56.77230301714782,201565.0
76,Jericho Sims,PF,22,"6' 10""",0.722,0.0,0.5,0.5,2.2,NYK,4.1,0.3,0.5,34.03516388105057,
77,Obi Toppin,PF,23,"6' 9""",0.531,0.308,1.1,0.8,9.0,NYK,3.8,0.3,0.5,46.20143260256132,
78,Kemba Walker,PG,31,"6' 0""",0.403,0.367,3.5,1.3,11.6,NYK,3.0,0.7,0.2,51.44345561102669,202689.0
79,Charles Bassey,C,20,"6' 11""",0.638,0.0,0.3,0.3,3.0,PHI,2.7,0.2,0.7,30.54048187540699,
80,Gary Clark,SF,26,"6' 6""",0.375,0.4,0.5,0.3,2.7,NOP,2.4,0.3,0.2,33.48165834599522,1629109.0
81,Seth Curry,SG,31,"6' 2""",0.487,0.422,3.6,1.7,15.0,TOT,3.0999999999999996,0.8,0.2,60.31039722161928,203552.0
82,Seth Curry,SG,31,"6' 2""",0.485,0.4,4.0,1.9,15.0,PHI,3.4,0.8,0.2,60.72281311048404,203552.0
83,Seth Curry,SG,31,"6' 2""",0.493,0.468,2.6,1.3,14.9,BRK,2.6,0.9,0.2,59.507271543303666,203552.0
84,Andre Drummond,C,28,"6' 10""",0.57,0.0,1.8,1.6,7.9,TOT,9.3,1.1,0.9,47.64488821358802,203083.0
85,Andre Drummond,C,28,"6' 10""",0.538,0.0,2.0,1.6,6.1,PHI,8.899999999999999,1.1,0.9,44.64944649446495,203083.0
86,Andre Drummond,C,28,"6' 10""",0.61,0.0,1.4,1.5,11.8,BRK,10.3,0.9,1.0,53.07141306707185,203083.0
87,Joel Embiid,C,27,"7' 0""",0.499,0.371,4.2,3.1,30.6,PHI,11.7,1.1,1.5,91.81680052094639,203954.0
88,Danny Green,SF,34,"6' 6""",0.394,0.38,1.0,0.7,5.9,PHI,2.5,1.0,0.6,41.69741697416974,201980.0
89,Tobias Harris,PF,29,"6' 8""",0.482,0.367,3.5,1.6,17.2,PHI,6.800000000000001,0.6,0.6,65.19426958975471,202699.0
90,Aaron Henry,F,22,"6' 6""",0.2,0.0,0.0,0.3,0.3,PHI,0.2,0.0,0.3,8.031256783156067,
91,Isaiah Joe,SG,22,"6' 4""",0.35,0.333,0.6,0.3,3.6,PHI,1.0,0.3,0.1,29.835033644454096,
92,Furkan Korkmaz,SG,24,"6' 7""",0.387,0.289,1.9,0.7,7.6,PHI,2.5999999999999996,0.5,0.1,39.15780334273931,1627788.0
93,Tyrese Maxey,PG,20,"6' 2""",0.485,0.427,4.3,1.2,17.5,PHI,3.1999999999999997,0.7,0.4,65.07488604297808,
94,Shake Milton,SG,24,"6' 5""",0.429,0.323,2.5,0.8,8.2,PHI,2.5,0.5,0.3,44.128500108530496,1629003.0
95,Georges Niang,F,28,"6' 7""",0.437,0.403,1.3,0.8,9.2,PHI,2.5999999999999996,0.4,0.2,44.931625786846105,1627777.0
96,Paul Reed,SF,22,"6' 9""",0.563,0.25,0.4,0.3,3.1,PHI,2.5,0.9,0.4,37.64922943347081,
97,Jaden Springer,PG,18,"6' 4""",1.0,0.0,0.0,0.5,1.0,PHI,1.0,0.0,1.0,37.9856739743868,
98,Matisse Thybulle,SG,24,"6' 5""",0.5,0.313,1.1,0.6,5.7,PHI,2.3,1.7,1.1,46.65726069025396,
99,Precious Achiuwa,F,21,"6' 8""",0.439,0.359,1.1,1.2,9.1,TOR,6.5,0.5,0.6,48.88213588018233,
100,OG Anunoby,SF,24,"6' 7""",0.443,0.363,2.6,1.7,17.1,TOR,5.5,1.5,0.5,62.925982200998476,1628384.0
101,Dalano Banton,PG,21,"6' 9""",0.411,0.255,1.5,0.8,3.2,TOR,1.9,0.4,0.2,32.42891252441936,
102,Scottie Barnes,SF,20,"6' 9""",0.492,0.301,3.5,1.8,15.3,TOR,7.5,1.1,0.7,64.02214022140221,
103,Khem Birch,C,28,"6' 9""",0.485,0.0,1.0,0.5,4.5,TOR,4.300000000000001,0.5,0.5,30.76839591925331,203920.0
104,Isaac Bonga,G,21,"6' 8""",0.231,0.25,0.3,0.1,0.8,TOR,0.5,0.5,0.1,19.676579118732363,1629067.0
105,Chris Boucher,PF,28,"6' 9""",0.464,0.297,0.3,0.5,9.4,TOR,6.1,0.6,0.9,47.134794877360534,1628449.0
106,Sam Dekker,F,27,"6' 9""",0.0,0.0,0.0,0.0,0.0,TOR,0.0,0.0,0.0,0.0,1626155.0
107,Goran Dragic,PG,35,"6' 3""",0.377,0.254,4.1,1.6,7.5,TOT,3.1,0.9,0.2,44.5300629476883,201609.0
108,Goran Dragic,PG,35,"6' 3""",0.382,0.286,1.8,0.2,8.0,TOR,2.8,1.0,0.2,41.28500108530497,201609.0
109,Goran Dragic,PG,35,"6' 3""",0.376,0.245,4.8,2.1,7.3,BRK,3.2,0.9,0.2,45.61536791838507,201609.0
110,Malachi Flynn,PG,23,"6' 1""",0.393,0.333,1.6,0.3,4.3,TOR,1.4,0.5,0.1,35.25070544823095,
111,Freddie Gillespie,SF,24,"6' 9""",0.409,0.0,0.6,0.6,2.3,ORL,4.0,0.3,1.0,25.689168656392447,
112,David Johnson,PG,20,"6' 5""",0.0,0.0,0.0,0.0,0.0,TOR,0.0,0.0,0.0,0.0,77139.0
113,Stanley Johnson,SF,25,"6' 6""",0.466,0.314,1.7,0.7,6.7,LAL,3.2,0.9,0.3,43.73779031907966,1626169.0
114,Pascal Siakam,PG,27,"6' 9""",0.494,0.344,5.3,2.7,22.8,TOR,8.5,1.3,0.6,78.94508356848276,1627783.0
115,Gary Trent Jr.,SG,22,"6' 5""",0.414,0.383,2.0,1.0,18.3,TOR,2.8,1.7,0.3,59.70262643802909,1629018.0
116,Fred VanVleet,SG,27,"6' 1""",0.403,0.377,6.7,2.6,20.3,TOR,4.5,1.7,0.5,74.01779900151942,1627832.0
117,Yuta Watanabe,SF,26,"6' 9""",0.406,0.342,0.6,0.5,4.3,TOR,2.4,0.3,0.4,35.20729324940309,1629139.0
118,Tony Bradley,C,23,"6' 10""",0.585,0.0,0.5,0.6,3.0,CHI,3.4000000000000004,0.2,0.6,29.68309094855654,1628396.0
119,Troy Brown Jr.,SF,22,"6' 6""",0.419,0.353,1.0,0.4,4.3,CHI,3.1,0.5,0.1,37.29107879314087,1628972.0
120,Alex Caruso,SG,27,"6' 4""",0.398,0.333,4.0,1.4,7.4,CHI,3.5999999999999996,1.7,0.4,51.258953766008254,1627936.0
121,DeMar DeRozan,SF,32,"6' 6""",0.504,0.352,4.9,2.4,27.9,CHI,5.1000000000000005,0.9,0.3,78.2287822878229,201942.0
122,Ayo Dosunmu,SG,21,"6' 5""",0.52,0.376,3.3,1.4,8.8,CHI,2.8,0.8,0.4,52.83264597351855,
123,Devon Dotson,PG,22,"6' 2""",0.478,0.222,1.4,0.5,2.6,CHI,0.7999999999999999,0.1,0.0,29.84588669416106,
124,Javonte Green,PG,28,"6' 4""",0.542,0.356,0.9,0.5,7.2,CHI,4.199999999999999,1.0,0.5,48.44801389190362,
125,Derrick Jones Jr.,SF,24,"6' 5""",0.538,0.328,0.6,0.6,5.6,CHI,3.3,0.5,0.6,42.739309746038636,1627884.0
126,Zach LaVine,SG,26,"6' 5""",0.476,0.389,4.5,2.6,24.4,CHI,4.6,0.6,0.3,72.33557629693944,203897.0
127,Denzel Valentine,SG,27,"6' 4""",0.379,0.404,0.5,0.5,2.9,TOT,1.7999999999999998,0.3,0.0,32.656826568265686,1627756.0
128,Denzel Valentine,SG,27,"6' 4""",0.371,0.409,0.5,0.5,2.9,CLE,1.7000000000000002,0.3,0.0,32.45061862383329,1627756.0
129,Denzel Valentine,SG,27,"6' 4""",0.5,0.333,0.0,1.0,2.5,UTA,2.0,0.5,0.0,33.633601041892774,1627756.0
130,Nikola Vucevic,C,30,"6' 11""",0.473,0.314,3.2,1.9,17.6,CHI,11.0,1.0,1.0,70.12155415671803,202696.0
131,Coby White,PG,21,"6' 5""",0.433,0.385,2.9,1.1,12.7,CHI,3.0,0.5,0.2,52.24658128934231,
132,Patrick Williams,PF,20,"6' 7""",0.529,0.517,0.9,0.9,9.0,CHI,4.1,0.5,0.5,53.483828955936616,
133,Jarrett Allen,C,23,"6' 11""",0.677,0.1,1.6,1.7,16.1,CLE,10.7,0.8,1.3,64.69502930323422,1628386.0
134,Damyean Dotson,SG,27,"6' 5""",0.5,0.0,0.5,0.0,2.0,NYK,1.0,0.0,0.0,20.620794443238548,1628422.0
135,Darius Garland,PG,21,"6' 1""",0.462,0.383,8.6,3.6,21.7,CLE,3.3000000000000003,1.3,0.1,77.87063164749296,
136,Kevin Love,PF,33,"6' 8""",0.43,0.392,2.2,1.3,13.6,CLE,7.3,0.4,0.2,56.17538528326459,201567.0
137,Lauri Markkanen,PF,24,"7' 0""",0.445,0.358,1.3,0.9,14.8,CLE,5.7,0.7,0.5,55.122639461688735,1628374.0
138,Evan Mobley,C,20,"7' 0""",0.508,0.25,2.5,1.9,15.0,CLE,8.3,0.8,1.7,63.533752984588666,
139,Isaac Okoro,SF,20,"6' 5""",0.48,0.35,1.8,0.9,8.8,CLE,3.0,0.8,0.3,47.319296722378986,
140,Cedi Osman,SF,26,"6' 7""",0.432,0.357,2.0,1.0,10.7,CLE,2.2,0.8,0.2,47.28673757325809,1626224.0
141,Ricky Rubio,G,30,"6' 3""",0.363,0.339,6.6,2.6,13.1,CLE,4.1000000000000005,1.4,0.2,61.059257651400046,201937.0
142,Collin Sexton,PG,22,"6' 1""",0.45,0.244,2.1,2.8,16.0,CLE,3.3,0.9,0.0,51.03103972216192,1629012.0
143,Lamar Stevens,F,24,"6' 6""",0.489,0.277,0.7,0.7,6.1,CLE,2.5999999999999996,0.5,0.3,38.50662036032125,
144,Brodric Thomas,G,24,"6' 5""",0.444,0.222,0.9,0.5,1.8,BOS,0.8999999999999999,0.1,0.1,27.219448665074886,
145,Dean Wade,PF,24,"6' 9""",0.456,0.359,1.0,0.3,5.3,CLE,2.9,0.6,0.1,39.88495767310614,
146,Dylan Windler,SG,24,"6' 6""",0.378,0.3,0.7,0.3,2.2,CLE,1.7999999999999998,0.3,0.1,29.238115910570865,
147,Saddiq Bey,SF,22,"6' 7""",0.396,0.346,2.8,1.2,16.1,DET,5.3999999999999995,0.9,0.2,57.152159756891685,
148,Cade Cunningham,PG,19,"6' 7""",0.416,0.314,5.6,3.7,17.4,DET,5.5,1.2,0.7,66.96331669199044,
149,Hamidou Diallo,SG,23,"6' 5""",0.496,0.247,1.3,1.0,11.0,DET,4.8,1.2,0.3,49.044931625786845,1628977.0
150,Luka Garza,C,22,"6' 10""",0.449,0.327,0.6,0.6,5.8,DET,3.1,0.3,0.2,37.85543737790319,
151,Jerami Grant,SF,27,"6' 8""",0.426,0.358,2.4,1.8,19.2,DET,4.1,0.9,1.0,62.20968092033862,203924.0
152,Killian Hayes,PG,20,"6' 5""",0.383,0.263,4.2,1.7,6.9,DET,3.1,1.2,0.5,46.53787714347732,
153,Frank Jackson,PG,23,"6' 3""",0.402,0.308,1.0,0.7,10.6,DET,1.7000000000000002,0.5,0.2,40.91599739526807,1628402.0
154,Josh Jackson,SG,24,"6' 8""",0.4,0.254,1.1,0.9,6.4,TOT,2.8,0.5,0.4,36.59648361189494,1628367.0
155,Josh Jackson,SG,24,"6' 8""",0.41,0.265,1.3,1.0,7.1,DET,3.1,0.5,0.5,39.1252441936184,1628367.0
156,Josh Jackson,SG,24,"6' 8""",0.347,0.176,0.4,0.8,4.3,SAC,1.5,0.4,0.3,26.47058823529412,1628367.0
157,Cory Joseph,PG,30,"6' 3""",0.445,0.414,3.6,1.3,8.0,DET,2.6,0.6,0.3,50.21706099413935,202709.0
158,Saben Lee,PG,22,"6' 2""",0.39,0.233,2.9,1.0,5.6,DET,2.4,1.0,0.3,39.49424788365531,
159,Isaiah Livers,PF,23,"6' 6""",0.456,0.422,1.1,0.8,6.4,DET,3.0,0.7,0.4,44.75797699153462,
160,Trey Lyles,PF,25,"6' 9""",0.466,0.321,1.2,1.0,10.5,TOT,5.1,0.4,0.4,47.76427176036467,1626168.0
161,Trey Lyles,PF,25,"6' 9""",0.456,0.301,1.1,1.1,10.4,DET,4.8,0.4,0.5,46.46190579552854,1626168.0
162,Trey Lyles,PF,25,"6' 9""",0.489,0.365,1.3,0.8,10.6,SAC,5.6000000000000005,0.3,0.3,50.16279574560451,1626168.0
163,Rodney McGruder,SG,30,"6' 4""",0.436,0.397,0.9,0.5,5.4,DET,2.2,0.4,0.1,38.95159539830693,203585.0
164,Kelly Olynyk,PF,30,"6' 11""",0.448,0.336,2.8,1.5,9.1,DET,4.5,0.8,0.5,50.59691773388322,203482.0
165,Dennis Smith Jr.,PG,23,"6' 2""",0.418,0.222,3.6,1.4,5.6,POR,2.3,1.2,0.3,42.109832863034505,1628372.0
166,Isaiah Stewart,C,20,"6' 8""",0.51,0.326,1.2,1.2,8.3,DET,8.7,0.3,1.1,52.83264597351855,
167,Goga Bitadze,C,22,"6' 11""",0.52,0.288,1.1,0.9,7.0,IND,3.6,0.4,0.8,44.10679400911656,
168,Oshae Brissett,SF,23,"6' 7""",0.411,0.35,1.1,0.8,9.1,IND,5.300000000000001,0.7,0.4,46.3750813978728,
169,Malcolm Brogdon,PG,28,"6' 5""",0.448,0.312,5.9,2.1,19.1,IND,5.1000000000000005,0.8,0.4,67.72303017147819,1627763.0
170,Torrey Craig,SF,30,"6' 7""",0.454,0.329,1.2,0.9,6.6,TOT,4.0,0.6,0.5,43.18428478402432,1628470.0
171,Torrey Craig,SF,30,"6' 7""",0.456,0.333,1.1,0.8,6.5,IND,3.9000000000000004,0.5,0.4,42.29433470805296,1628470.0
172,Torrey Craig,SF,30,"6' 7""",0.45,0.323,1.2,1.0,6.9,PHO,4.3,0.8,0.6,44.48665074886043,1628470.0
173,Chris Duarte,SG,24,"6' 6""",0.432,0.369,2.1,1.6,13.1,IND,4.1,1.0,0.2,53.21250271326243,
174,Justin Holiday,SF,32,"6' 6""",0.394,0.367,1.7,0.9,10.1,TOT,2.6,0.8,0.4,46.15802040373344,203200.0
175,Justin Holiday,SF,32,"6' 6""",0.415,0.378,1.8,1.0,11.0,IND,2.8,0.7,0.4,48.28521814629912,203200.0
176,Justin Holiday,SF,32,"6' 6""",0.348,0.342,1.5,0.8,8.3,SAC,2.2,0.8,0.6,41.67571087475581,203200.0
177,Isaiah Jackson,PF,19,"6' 10""",0.563,0.313,0.3,1.1,8.3,IND,4.2,0.7,1.4,49.576731061428255,
178,DeJon Jarreau,F,23,"6' 5""",0.0,0.0,0.0,0.0,0.0,IND,0.0,0.0,0.0,0.0,
179,Jeremy Lamb,SG,29,"6' 5""",0.383,0.324,1.4,0.7,7.3,TOT,2.8,0.6,0.4,40.27566746255699,203087.0
180,Jeremy Lamb,SG,29,"6' 5""",0.373,0.333,1.3,0.6,7.1,IND,2.4,0.6,0.4,39.37486433687866,203087.0
181,Jeremy Lamb,SG,29,"6' 5""",0.403,0.302,1.8,0.8,7.9,SAC,3.5,0.5,0.5,42.489689602778384,203087.0
182,Caris LeVert,SG,27,"6' 6""",0.444,0.32,4.3,1.9,17.0,TOT,3.5999999999999996,0.9,0.4,60.79878445843282,1627747.0
183,Caris LeVert,SG,27,"6' 6""",0.447,0.323,4.4,1.9,18.7,IND,3.9000000000000004,0.9,0.5,63.70740177990015,1627747.0
184,Caris LeVert,SG,27,"6' 6""",0.435,0.313,3.9,1.7,13.6,CLE,3.4000000000000004,0.8,0.3,54.85131321901455,1627747.0
185,Kelan Martin,SG,26,"6' 5""",0.409,0.293,0.7,0.5,5.7,TOT,1.9,0.4,0.3,34.90340785760798,
186,Kelan Martin,SG,26,"6' 5""",0.417,0.297,0.8,0.5,6.3,IND,2.0,0.5,0.3,36.59648361189494,
187,Kelan Martin,SG,26,"6' 5""",0.0,0.0,0.0,0.0,0.0,BOS,0.6,0.0,0.0,0.6511829824180595,
188,T.J. McConnell,PG,29,"6' 1""",0.481,0.303,4.9,1.1,8.5,IND,3.3,1.1,0.4,53.852832645973514,204456.0
189,Cassius Stanley,SG,22,"6' 5""",0.413,0.235,0.4,0.7,5.8,DET,2.2,0.6,0.2,33.2537443021489,
190,Myles Turner,C,25,"6' 11""",0.509,0.333,1.0,1.3,12.9,IND,7.0,0.7,2.8,62.57868461037551,1626167.0
191,Grayson Allen,SG,25,"6' 4""",0.448,0.409,1.5,0.7,11.1,MIL,3.4,0.7,0.3,50.151942695897546,1628960.0
192,Giannis Antetokounmpo,PF,26,"6' 11""",0.553,0.293,5.8,3.3,29.9,MIL,11.6,1.1,1.4,93.31452138050793,203507.0
193,Thanasis Antetokounmpo,SF,29,"6' 6""",0.547,0.143,0.5,0.5,3.6,MIL,2.1,0.3,0.3,31.69090514434556,203648.0
194,Pat Connaughton,SG,28,"6' 5""",0.458,0.395,1.3,0.5,9.9,MIL,4.2,0.9,0.2,49.479053614065556,1626192.0
195,Donte DiVincenzo,SG,24,"6' 4""",0.351,0.339,2.8,1.7,9.0,TOT,4.1,1.1,0.2,46.993705231169955,1628978.0
196,Donte DiVincenzo,SG,24,"6' 4""",0.331,0.284,1.7,1.6,7.2,MIL,3.6,0.6,0.2,38.03993922292164,1628978.0
197,Donte DiVincenzo,SG,24,"6' 4""",0.362,0.368,3.6,1.8,10.3,SAC,4.4,1.5,0.2,53.07141306707185,1628978.0
198,Mamadi Diakite,PF,24,"6' 9""",0.532,0.0,0.2,0.5,4.3,OKC,4.5,0.4,0.7,30.887779466029958,
199,George Hill,G,35,"6' 4""",0.429,0.306,2.2,0.8,6.2,MIL,2.9000000000000004,0.8,0.1,41.51291512915129,201588.0
200,Jrue Holiday,PG,31,"6' 3""",0.501,0.411,6.8,2.7,18.3,MIL,4.5,1.6,0.4,75.71087475580639,201950.0
201,Rodney Hood,SG,28,"6' 8""",0.369,0.33,0.7,0.2,3.1,TOT,1.5,0.3,0.1,30.573041024527893,203918.0
202,Rodney Hood,SG,28,"6' 8""",0.351,0.3,0.8,0.2,3.3,MIL,1.7,0.3,0.1,29.661384849142607,203918.0
203,Rodney Hood,SG,28,"6' 8""",0.462,0.545,0.6,0.3,2.6,LAC,0.8,0.2,0.2,39.08183199479054,203918.0
204,Justin Jackson,SF,26,"6' 8""",0.333,0.333,0.3,0.1,2.1,TOT,1.0,0.0,0.0,25.700021706099413,1628382.0
205,Justin Jackson,SF,26,"6' 8""",0.0,0.0,0.0,0.0,2.0,BOS,0.0,0.0,0.0,2.170609941393532,1628382.0
206,Justin Jackson,SF,26,"6' 8""",0.357,0.333,0.3,0.2,2.2,PHO,1.2,0.0,0.0,26.807032776210114,1628382.0
207,Brook Lopez,C,33,"7' 0""",0.466,0.358,0.5,0.9,12.4,MIL,4.1,0.6,1.2,51.68222270457999,201572.0
208,Sandro Mamukelashvili,C,22,"6' 11""",0.496,0.423,0.5,0.4,3.8,MIL,2.0,0.2,0.2,38.60429780768395,
209,Khris Middleton,SF,30,"6' 7""",0.443,0.373,5.4,2.9,20.1,MIL,5.3999999999999995,1.2,0.3,70.84870848708488,203114.0
210,Jordan Nwora,SF,22,"6' 8""",0.403,0.348,1.0,0.9,7.9,MIL,3.6,0.4,0.3,41.382678532667676,
211,Semi Ojeleye,PF,26,"6' 6""",0.303,0.3,0.3,0.3,3.3,TOT,2.5,0.2,0.2,27.881484697199916,1628400.0
212,Semi Ojeleye,PF,26,"6' 6""",0.257,0.268,0.3,0.3,2.9,MIL,3.0,0.3,0.3,26.10158454525722,1628400.0
213,Semi Ojeleye,PF,26,"6' 6""",0.414,0.444,0.4,0.4,4.1,LAC,1.5999999999999999,0.2,0.1,35.96700672889082,1628400.0
214,Bobby Portis,C,26,"6' 10""",0.479,0.393,1.2,1.3,14.6,MIL,9.1,0.7,0.7,61.276318645539384,1626171.0
215,Bogdan Bogdanovic,SG,29,"6' 6""",0.431,0.368,3.1,1.1,15.1,ATL,4.0,1.1,0.2,57.70566529194704,203992.0
216,Clint Capela,C,27,"6' 10""",0.613,0.0,1.2,0.6,11.1,ATL,11.899999999999999,0.7,1.3,54.037334490991974,203991.0
217,John Collins,PF,23,"6' 9""",0.526,0.364,1.8,1.1,16.2,ATL,7.8,0.6,1.0,64.14152376817886,1628381.0
218,Sharife Cooper,PG,20,"6' 1""",0.214,0.167,0.4,0.4,0.5,ATL,0.4,0.0,0.0,14.250054265248535,
219,Gorgui Dieng,C,31,"6' 10""",0.473,0.426,0.8,0.5,3.5,ATL,2.7,0.3,0.3,39.689602778380724,203476.0
220,Danilo Gallinari,PF,33,"6' 10""",0.434,0.381,1.5,0.6,11.7,ATL,4.6,0.4,0.2,49.43564141523768,201568.0
221,Brandon Goodwin,PG,25,"6' 0""",0.416,0.345,2.5,1.0,4.8,CLE,1.9,0.7,0.0,39.75472107662252,1629164.0
222,Solomon Hill,SF,30,"6' 6""",0.15,0.154,0.9,0.1,0.6,ATL,1.8,0.3,0.2,16.084219665726067,203524.0
223,Kevin Huerter,SG,23,"6' 7""",0.454,0.389,2.7,1.2,12.1,ATL,3.4,0.7,0.4,53.71174299978295,1628989.0
224,De'Andre Hunter,SF,23,"6' 8""",0.442,0.379,1.3,1.3,13.4,ATL,3.3,0.7,0.4,51.25895376600824,
225,Jalen Johnson,SF,19,"6' 9""",0.537,0.231,0.1,0.4,2.4,ATL,1.2000000000000002,0.1,0.1,29.780768395919253,
226,Skylar Mays,SG,24,"6' 4""",0.5,0.32,0.6,0.4,2.9,ATL,0.8999999999999999,0.3,0.0,33.10180160625136,
227,Onyeka Okongwu,PF,20,"6' 8""",0.69,0.0,1.1,0.9,8.2,ATL,5.9,0.6,1.3,46.3425222487519,
228,Cam Reddish,SF,22,"6' 8""",0.404,0.359,1.0,1.2,10.1,TOT,2.1,1.0,0.3,44.48665074886043,
229,Cam Reddish,SF,22,"6' 8""",0.402,0.379,1.1,1.3,11.9,ATL,2.5,1.0,0.3,47.67744736270892,
230,Cam Reddish,SF,22,"6' 8""",0.415,0.258,0.7,0.9,6.1,NYK,1.4000000000000001,0.8,0.3,35.15302800086824,
231,Lou Williams,SG,34,"6' 1""",0.391,0.363,1.9,0.8,6.3,ATL,1.6,0.5,0.1,39.20121554156719,101150.0
232,Delon Wright,SG,29,"6' 5""",0.454,0.379,2.4,0.6,4.4,ATL,2.8000000000000003,1.2,0.2,44.703711742999786,1626153.0
233,Trae Young,PG,22,"6' 1""",0.46,0.382,9.7,4.0,28.4,ATL,3.8,0.9,0.1,86.67245495984372,1629027.0
234,LaMelo Ball,PG,20,"6' 6""",0.429,0.389,7.6,3.3,20.1,CHO,6.6,1.6,0.4,78.61949207727372,
235,Bismack Biyombo,C,29,"6' 8""",0.593,0.0,0.6,0.7,5.8,PHO,4.7,0.3,0.7,35.26155849793792,202687.0
236,James Bouknight,SG,20,"6' 5""",0.348,0.347,0.8,0.5,4.6,CHO,1.7,0.2,0.0,31.853700889950076,
237,Miles Bridges,SF,23,"6' 6""",0.491,0.331,3.8,1.9,20.2,CHO,7.0,0.9,0.8,70.0672889081832,1628970.0
238,Vernon Carey Jr.,C,20,"6' 9""",0.538,0.0,0.0,0.4,2.9,TOT,1.7000000000000002,0.3,0.1,23.81159105708704,
239,Vernon Carey Jr.,C,20,"6' 9""",0.5,0.0,0.0,0.3,2.0,CHO,1.3,0.3,0.0,20.837855437377904,
240,Vernon Carey Jr.,C,20,"6' 9""",0.571,0.0,0.0,0.7,4.0,WAS,2.4,0.3,0.3,27.490774907749078,
241,Gordon Hayward,SF,31,"6' 7""",0.459,0.391,3.6,1.7,15.9,CHO,4.6,1.0,0.4,62.29650531799435,202330.0
242,Wes Iwundu,SF,26,"6' 6""",0.444,0.6,0.0,0.3,7.3,ATL,4.3,0.3,0.0,47.55806381593228,1628411.0
243,Kai Jones,PF,20,"6' 11""",0.643,0.5,0.2,0.3,1.0,CHO,0.5,0.0,0.1,39.60277838072498,
244,Scottie Lewis,SG,21,"6' 5""",0.0,0.0,0.5,0.0,0.5,CHO,0.0,0.5,0.0,3.2559149120902973,
245,Caleb Martin,SF,25,"6' 5""",0.507,0.413,1.1,0.9,9.2,MIA,3.9000000000000004,1.0,0.5,51.4434556110267,
246,Cody Martin,SF,25,"6' 5""",0.482,0.384,2.5,0.9,7.7,CHO,4.1,1.2,0.5,51.96440199696115,
247,Jalen McDaniels,PF,23,"6' 9""",0.484,0.38,1.1,0.7,6.2,CHO,3.0999999999999996,0.5,0.4,43.542435424354245,
248,Kelly Oubre Jr.,SG,25,"6' 7""",0.44,0.345,1.1,0.9,15.0,CHO,3.9,1.0,0.4,53.017147818537005,1626162.0
249,Mason Plumlee,C,31,"6' 11""",0.641,0.0,3.1,1.4,6.5,CHO,7.699999999999999,0.8,0.7,47.89450835684827,203486.0
250,Nick Richards,C,23,"7' 0""",0.667,0.0,0.3,0.5,3.0,CHO,1.7,0.2,0.4,29.42261775558932,
251,Terry Rozier,SG,27,"6' 1""",0.444,0.374,4.5,1.3,19.3,CHO,4.3,1.3,0.3,67.22378988495767,1626179.0
252,Ish Smith,PG,33,"6' 0""",0.43,0.373,3.8,1.2,6.3,TOT,2.2,0.7,0.4,47.19991317560234,202397.0
253,Ish Smith,PG,33,"6' 0""",0.395,0.4,2.6,1.0,4.5,CHO,1.5,0.5,0.3,40.64467115259388,202397.0
254,Ish Smith,PG,33,"6' 0""",0.457,0.357,5.2,1.5,8.6,WAS,3.0,1.0,0.5,55.263729107879314,202397.0
255,JT Thor,PF,19,"6' 10""",0.436,0.259,0.6,0.3,2.0,CHO,1.3,0.2,0.3,29.140438463208163,
256,Brad Wanamaker,PG,32,"6' 3""",0.364,0.235,2.4,1.0,3.6,TOT,1.7,0.3,0.3,32.41805947471239,202954.0
257,Brad Wanamaker,PG,32,"6' 3""",0.361,0.235,2.2,1.0,3.5,IND,1.6,0.2,0.3,31.343607553722595,202954.0
258,Brad Wanamaker,PG,32,"6' 3""",0.4,0.0,7.0,0.0,7.0,WAS,4.0,2.0,0.0,46.66811373996093,202954.0
259,P.J. Washington,PF,23,"6' 7""",0.47,0.365,2.3,1.3,10.3,CHO,5.2,0.9,0.9,54.86216626872151,
260,Bam Adebayo,C,24,"6' 9""",0.557,0.0,3.4,2.6,19.1,MIA,10.0,1.4,0.8,64.2609073149555,1628389.0
261,Jimmy Butler,SF,31,"6' 7""",0.48,0.233,5.5,2.1,21.4,MIA,5.8999999999999995,1.6,0.5,71.61927501627957,202710.0
262,Dewayne Dedmon,C,32,"7' 0""",0.566,0.404,0.7,1.0,6.3,MIA,5.800000000000001,0.4,0.6,49.48990666377252,203473.0
263,Marcus Garrett,G,22,"6' 5""",0.238,0.25,0.6,0.2,1.1,MIA,2.0,0.4,0.3,22.83481658345995,
264,Udonis Haslem,PF,41,"6' 8""",0.452,0.25,0.3,0.4,2.5,MIA,1.9000000000000001,0.1,0.1,28.934230518775777,2617.0
265,Tyler Herro,PG,21,"6' 5""",0.447,0.399,4.0,2.6,20.7,MIA,5.0,0.7,0.1,66.72454959843716,
266,Kyle Lowry,PG,35,"6' 0""",0.44,0.377,7.5,2.7,13.4,MIA,4.5,1.1,0.3,66.86563924462774,200768.0
267,Markieff Morris,PF,32,"6' 9""",0.474,0.333,1.4,1.2,7.6,MIA,2.6,0.4,0.1,42.012155415671806,202693.0
268,KZ Okpala,SF,22,"6' 8""",0.435,0.346,0.7,0.2,3.7,MIA,1.9,0.2,0.3,34.653787714347736,
269,Victor Oladipo,SG,29,"6' 4""",0.479,0.417,3.5,2.0,12.4,MIA,2.9,0.6,0.1,55.65443889733015,203506.0
270,Duncan Robinson,SG,27,"6' 7""",0.399,0.372,1.6,0.8,10.9,MIA,2.5999999999999996,0.5,0.2,45.50683742131539,1629130.0
271,Max Strus,SG,25,"6' 5""",0.441,0.41,1.4,0.8,10.6,MIA,3.0,0.4,0.2,47.46038636856957,
272,P.J. Tucker,PF,36,"6' 5""",0.484,0.415,2.1,0.9,7.6,MIA,5.4,0.8,0.2,51.19383546776645,
273,Gabe Vincent,PG,25,"6' 3""",0.417,0.368,3.1,1.4,8.7,MIA,1.8,0.9,0.2,47.26503147384415,
274,Omer Yurtseven,C,23,"7' 0""",0.526,0.091,0.9,0.7,5.3,MIA,5.2,0.3,0.4,35.71738658563056,
275,Cole Anthony,PG,21,"6' 2""",0.391,0.338,5.7,2.6,16.3,ORL,5.4,0.7,0.3,62.91512915129152,
276,Mo Bamba,C,23,"7' 0""",0.48,0.381,1.2,1.1,10.6,ORL,8.1,0.5,1.7,58.096375081397866,1628964.0
277,Ignas Brazdeikis,SF,22,"6' 6""",0.431,0.31,0.9,0.4,5.0,ORL,1.7,0.2,0.1,34.328196223138704,
278,Wendell Carter Jr.,C,22,"6' 10""",0.525,0.327,2.8,1.9,15.0,ORL,10.399999999999999,0.6,0.7,65.61753852832646,1628976.0
279,Jeff Dowtin,G,24,"6' 3""",0.308,0.111,1.1,0.6,2.1,TOT,2.0,0.6,0.1,22.758845235511178,
280,Jeff Dowtin,G,24,"6' 3""",0.5,0.0,0.8,0.3,1.5,GSW,1.8,0.0,0.3,22.574343390492725,
281,Jeff Dowtin,G,24,"6' 3""",0.0,0.0,0.0,0.0,0.0,MIL,0.0,0.0,0.0,0.0,
282,Jeff Dowtin,G,24,"6' 3""",0.263,0.143,1.8,1.0,3.3,ORL,2.8,1.3,0.0,27.979162144562626,
283,James Ennis III,SF,31,"6' 6""",0.458,0.375,0.4,0.3,4.1,TOT,1.7,0.3,0.3,36.238332971565015,203516.0
284,James Ennis III,SF,31,"6' 6""",0.286,0.5,0.0,0.0,2.5,BRK,2.5,0.5,0.5,34.273930974603864,203516.0
285,James Ennis III,SF,31,"6' 6""",0.636,0.5,0.0,0.5,10.0,LAC,2.5,0.5,0.5,53.80942044714565,203516.0
286,James Ennis III,SF,31,"6' 6""",0.333,0.0,1.0,0.3,1.3,DEN,0.6,0.0,0.0,15.074886042978077,203516.0
287,Markelle Fultz,PG,23,"6' 3""",0.474,0.235,5.5,2.2,10.8,ORL,2.7,1.1,0.3,54.23268938571738,1628365.0
288,Hassani Gravett,G,25,"6' 2""",0.474,0.423,2.5,1.1,6.3,ORL,2.6,0.6,0.1,46.57043629259822,
289,R.J. Hampton,PG,20,"6' 4""",0.383,0.35,2.5,1.4,7.6,ORL,3.1,0.7,0.2,43.83546776644237,
290,Gary Harris,SG,26,"6' 4""",0.434,0.384,1.8,1.0,11.1,ORL,2.0,1.0,0.1,48.33948339483395,203914.0
291,Robin Lopez,C,33,"7' 0""",0.553,0.333,1.5,1.2,7.1,ORL,3.5,0.1,0.5,45.561102669850236,201577.0
292,Chuma Okeke,PF,23,"6' 6""",0.376,0.318,1.7,0.8,8.6,ORL,5.0,1.4,0.6,47.55806381593228,
293,Terrence Ross,SG,30,"6' 6""",0.397,0.292,1.8,1.2,10.0,ORL,2.5,0.4,0.2,41.860212719774246,203082.0
294,Jalen Suggs,SG,20,"6' 4""",0.361,0.214,4.4,3.0,11.8,ORL,3.5,1.2,0.4,50.08682439765574,
295,Jon Teske,C,24,"7' 1""",0.0,0.0,0.3,0.0,0.0,MEM,0.7,0.3,0.0,2.3876709355328845,
296,Franz Wagner,SF,20,"6' 9""",0.468,0.354,2.9,1.5,15.2,ORL,4.5,0.9,0.4,58.67158671586715,
297,Moritz Wagner,C,24,"6' 11""",0.497,0.328,1.4,0.9,9.0,ORL,3.7,0.3,0.2,45.31148252658997,1629021.0
298,Bradley Beal,SG,28,"6' 3""",0.451,0.3,6.6,3.4,23.2,WAS,4.8,0.9,0.4,73.39917516822226,203078.0
299,Davis Bertans,SF,28,"6' 10""",0.36,0.335,0.6,0.3,5.6,TOT,2.1,0.3,0.2,33.91578033427393,202722.0
300,Davis Bertans,SF,28,"6' 10""",0.351,0.319,0.5,0.4,5.7,WAS,1.8,0.3,0.2,32.66767961797265,202722.0
301,Davis Bertans,SF,28,"6' 10""",0.375,0.36,0.7,0.2,5.3,DAL,2.5999999999999996,0.3,0.3,35.97785977859778,202722.0
302,Thomas Bryant,C,24,"6' 10""",0.52,0.286,0.9,0.7,7.4,WAS,4.0,0.2,0.8,43.824614716735404,1628418.0
303,Kentavious Caldwell-Pope,SG,28,"6' 5""",0.435,0.39,1.9,1.3,13.2,WAS,3.4,1.1,0.3,53.55980030388538,203484.0
304,Spencer Dinwiddie,PG,28,"6' 5""",0.416,0.339,5.2,1.6,13.7,TOT,4.2,0.7,0.2,58.22661167788148,203915.0
305,Spencer Dinwiddie,PG,28,"6' 5""",0.416,0.339,5.2,1.6,13.7,TOT,4.2,0.7,0.2,58.22661167788148,203915.0
306,Spencer Dinwiddie,PG,28,"6' 5""",0.376,0.31,5.8,1.7,12.6,WAS,4.7,0.6,0.2,56.305621879748216,203915.0
307,Spencer Dinwiddie,PG,28,"6' 5""",0.376,0.31,5.8,1.7,12.6,WAS,4.7,0.6,0.2,56.305621879748216,203915.0
308,Spencer Dinwiddie,PG,28,"6' 5""",0.498,0.404,3.9,1.3,15.8,DAL,3.1,0.7,0.3,61.60191013674843,203915.0
309,Spencer Dinwiddie,PG,28,"6' 5""",0.498,0.404,3.9,1.3,15.8,DAL,3.1,0.7,0.3,61.60191013674843,203915.0
310,Daniel Gafford,C,22,"6' 10""",0.693,0.0,0.9,0.9,9.4,WAS,5.7,0.4,1.4,46.76579118732364,
311,Anthony Gill,PF,28,"6' 7""",0.569,0.538,0.6,0.4,4.1,WAS,2.0,0.1,0.3,45.2680703277621,
312,Rui Hachimura,PF,23,"6' 8""",0.491,0.447,1.1,0.8,11.3,WAS,3.8000000000000003,0.5,0.2,51.59539830692425,
313,Montrezl Harrell,C,27,"6' 7""",0.645,0.235,2.0,1.0,13.1,TOT,6.1,0.4,0.6,57.08704145864988,1626149.0
314,Montrezl Harrell,C,27,"6' 7""",0.645,0.267,2.1,1.1,14.1,WAS,6.699999999999999,0.4,0.7,60.40807466898198,1626149.0
315,Montrezl Harrell,C,27,"6' 7""",0.645,0.0,2.0,0.9,11.4,CHO,4.9,0.4,0.5,45.96266550900803,1626149.0
316,Aaron Holiday,PG,24,"6' 0""",0.447,0.379,2.4,1.1,6.3,TOT,2.0,0.7,0.1,43.71608421966573,1628988.0
317,Aaron Holiday,PG,24,"6' 0""",0.467,0.343,1.9,1.0,6.1,WAS,1.5999999999999999,0.6,0.2,41.458649880616456,1628988.0
318,Aaron Holiday,PG,24,"6' 0""",0.411,0.444,3.4,1.3,6.8,PHO,2.5,0.8,0.0,47.91621445626221,1628988.0
319,Corey Kispert,SF,22,"6' 7""",0.455,0.35,1.1,0.6,8.2,WAS,2.7,0.5,0.3,43.03234208812676,
320,Kyle Kuzma,SF,26,"6' 10""",0.452,0.341,3.5,2.6,17.1,WAS,8.5,0.6,0.9,66.08421966572607,1628398.0
321,Garrison Mathews,SG,24,"6' 5""",0.399,0.36,1.0,0.6,10.0,HOU,2.9,0.9,0.4,45.11612763186456,
322,Raul Neto,PG,29,"6' 1""",0.463,0.292,3.1,1.1,7.5,WAS,1.9,0.8,0.0,44.11764705882353,203526.0
323,Isaiah Todd,PF,19,"6' 10""",0.269,0.25,0.3,0.3,1.7,WAS,1.1,0.3,0.2,22.216192750162794,
324,Cassius Winston,PG,23,"6' 1""",0.364,0.333,1.0,0.4,2.0,WAS,0.1,0.0,0.0,27.14347731712611,
325,Jordan Bell,F,26,"6' 8""",0.0,0.0,0.0,0.0,0.0,CHI,1.0,1.0,0.0,4.341219882787064,1628395.0
326,Nemanja Bjelica,PF,33,"6' 10""",0.468,0.362,2.2,1.2,6.1,GSW,4.2,0.6,0.4,46.233991751682225,202357.0
327,Chris Chiozza,F,25,"5' 11""",0.296,0.321,1.9,0.9,2.0,GSW,1.1,0.4,0.0,28.87996527024094,1629185.0
328,Stephen Curry,PG,33,"6' 3""",0.437,0.38,6.3,3.2,25.5,GSW,5.2,1.3,0.4,79.12958541350119,201939.0
329,Draymond Green,PF,31,"6' 6""",0.525,0.296,7.0,3.0,7.5,GSW,7.3,1.3,1.1,65.80204037334491,203110.0
330,Andre Iguodala,F,37,"6' 6""",0.38,0.23,3.7,0.9,4.0,GSW,3.2,0.9,0.7,40.91599739526807,2738.0
331,Jonathan Kuminga,PF,18,"6' 7""",0.513,0.336,0.9,1.1,9.3,GSW,3.4000000000000004,0.4,0.3,45.65878011721294,
332,Damion Lee,SG,28,"6' 5""",0.441,0.337,1.0,0.6,7.4,GSW,3.1999999999999997,0.6,0.1,41.28500108530498,1627814.0
333,Kevon Looney,C,25,"6' 9""",0.571,0.0,2.0,0.8,6.0,GSW,7.2,0.6,0.6,41.16561753852832,1626172.0
334,Moses Moody,SG,19,"6' 5""",0.437,0.364,0.4,0.3,4.4,GSW,1.5,0.1,0.2,34.328196223138704,
335,Mychal Mulder,SG,27,"6' 3""",0.312,0.315,0.3,0.5,4.1,TOT,1.4000000000000001,0.2,0.1,28.01172129368352,
336,Mychal Mulder,SG,27,"6' 3""",0.299,0.283,0.2,0.5,3.7,ORL,1.4000000000000001,0.3,0.1,26.220968092033857,
337,Mychal Mulder,SG,27,"6' 3""",0.4,0.5,1.0,0.0,7.0,MIA,1.5,0.0,0.5,42.326893857173864,
338,Gary Payton II,PG,28,"6' 3""",0.616,0.358,0.9,0.6,7.1,GSW,3.5,1.4,0.3,50.705448230952896,1627780.0
339,Jordan Poole,SG,22,"6' 4""",0.448,0.364,4.0,2.5,18.5,GSW,3.4,0.8,0.3,62.47015411330583,
340,Otto Porter Jr.,SF,28,"6' 8""",0.464,0.37,1.5,0.6,8.2,GSW,5.800000000000001,1.1,0.5,50.813978728022576,203490.0
341,Klay Thompson,SG,31,"6' 6""",0.429,0.385,2.8,1.3,20.4,GSW,3.9,0.5,0.5,62.20968092033862,202691.0
342,Juan Toscano-Anderson,SF,28,"6' 6""",0.489,0.322,1.7,0.9,4.1,GSW,2.4,0.7,0.2,40.08031256783156,
343,Andrew Wiggins,SF,26,"6' 7""",0.466,0.393,2.2,1.5,17.2,GSW,4.5,1.0,0.7,61.82982418059475,203952.0
344,Nicolas Batum,PF,32,"6' 8""",0.463,0.4,1.7,0.7,8.3,LAC,4.3,1.0,0.7,50.99848057304103,201587.0
345,Eric Bledsoe,SG,31,"6' 1""",0.421,0.313,4.2,2.1,9.9,LAC,3.4,1.3,0.4,52.9845886694161,202339.0
346,Amir Coffey,SG,24,"6' 7""",0.453,0.378,1.8,0.7,9.0,LAC,2.9,0.6,0.2,46.48361189494248,
347,DeMarcus Cousins,C,31,"6' 10""",0.46,0.303,1.5,1.8,9.0,TOT,5.6,0.7,0.4,47.52550466681137,202326.0
348,DeMarcus Cousins,C,31,"6' 10""",0.466,0.271,1.1,0.9,9.1,MIL,5.800000000000001,0.9,0.5,47.1130887779466,202326.0
349,DeMarcus Cousins,C,31,"6' 10""",0.456,0.324,1.7,2.2,8.9,DEN,5.5,0.6,0.4,47.97047970479705,202326.0
350,Paul George,SG,31,"6' 8""",0.421,0.354,5.7,4.1,24.3,LAC,6.9,2.2,0.4,79.93271109181681,202331.0
351,Serge Ibaka,C,31,"6' 10""",0.5,0.374,0.9,0.8,6.8,TOT,4.6,0.2,0.6,45.38745387453875,201586.0
352,Serge Ibaka,C,31,"6' 10""",0.49,0.387,1.0,0.9,6.6,LAC,4.2,0.2,0.7,45.37660082483178,201586.0
353,Serge Ibaka,C,31,"6' 10""",0.519,0.351,0.7,0.5,7.0,MIL,5.3,0.2,0.4,45.14868678098546,201586.0
354,Reggie Jackson,PG,31,"6' 2""",0.392,0.326,4.8,2.3,16.8,LAC,3.6,0.7,0.2,58.86694161059258,202704.0
355,Keon Johnson,SG,19,"6' 5""",0.353,0.34,2.1,1.2,7.2,TOT,2.1,0.8,0.3,40.79661384849143,
356,Keon Johnson,SG,19,"6' 5""",0.333,0.273,0.9,0.5,3.5,LAC,1.4,0.5,0.1,28.95593661818971,
357,Keon Johnson,SG,19,"6' 5""",0.357,0.348,2.9,1.8,9.7,POR,2.7,1.0,0.5,47.59062296505318,
358,Luke Kennard,SG,25,"6' 5""",0.449,0.449,2.1,0.9,11.9,LAC,3.3,0.6,0.1,52.57217278055133,1628379.0
359,Terance Mann,SG,24,"6' 5""",0.484,0.365,2.6,1.0,10.8,LAC,5.3,0.7,0.3,54.01562839157803,
360,Jay Scrubb,SG,21,"6' 5""",0.391,0.286,0.4,0.4,2.7,LAC,0.9,0.2,0.2,28.120251790753205,
361,Justise Winslow,PF,25,"6' 6""",0.428,0.227,1.8,1.0,5.7,TOT,4.2,0.7,0.5,39.88495767310614,1626159.0
362,Justise Winslow,PF,25,"6' 6""",0.447,0.172,1.4,1.0,4.2,LAC,3.5999999999999996,0.6,0.5,35.239852398523986,1626159.0
363,Justise Winslow,PF,25,"6' 6""",0.405,0.27,2.9,1.1,10.7,POR,6.3,1.3,0.6,52.90861732146733,1626159.0
364,Ivica Zubac,C,24,"7' 0""",0.626,0.0,1.6,1.5,10.3,LAC,8.5,0.5,1.0,49.14260907314956,1627826.0
365,Carmelo Anthony,PF,37,"6' 7""",0.441,0.375,1.0,0.9,13.3,LAL,4.2,0.7,0.8,52.61558497937921,2546.0
366,Trevor Ariza,SF,36,"6' 8""",0.333,0.27,1.1,0.5,4.0,LAL,3.4,0.5,0.3,32.656826568265686,2772.0
367,Kent Bazemore,SF,32,"6' 4""",0.324,0.363,0.9,0.5,3.4,LAL,1.7,0.6,0.2,32.46147167354026,203145.0
368,Devontae Cacok,PF,24,"6' 7""",0.677,0.0,0.4,0.2,3.1,SAS,2.8,0.5,0.5,32.570002170609946,
369,Anthony Davis,PF,28,"6' 10""",0.532,0.186,3.1,2.1,23.2,LAL,9.9,1.2,2.3,77.42565660950727,203076.0
370,Wayne Ellington,SG,33,"6' 4""",0.414,0.389,0.7,0.4,6.7,LAL,1.8,0.5,0.1,38.84306490123725,201961.0
371,Talen Horton-Tucker,SG,20,"6' 4""",0.416,0.269,2.7,1.4,10.0,LAL,3.2,1.0,0.5,47.373561970913826,
372,Dwight Howard,C,35,"6' 10""",0.612,0.533,0.6,0.8,6.2,LAL,6.0,0.6,0.6,55.730410245278925,2730.0
373,LeBron James,SF,36,"6' 9""",0.524,0.359,6.2,3.5,30.3,LAL,8.2,1.3,1.1,91.8059474712394,2544.0
374,Wesley Matthews,SG,34,"6' 4""",0.395,0.338,0.7,0.4,5.1,MIL,1.9,0.5,0.2,35.26155849793792,202083.0
375,Malik Monk,SG,23,"6' 3""",0.473,0.391,2.9,1.6,13.8,LAL,3.4,0.8,0.4,57.00021706099413,1628370.0
376,Rajon Rondo,PG,35,"6' 1""",0.386,0.352,4.4,1.7,4.8,TOT,2.8,0.8,0.2,45.08356848274365,200765.0
377,Rajon Rondo,PG,35,"6' 1""",0.324,0.267,3.7,1.9,3.1,LAL,2.8000000000000003,0.7,0.3,36.93292815281094,200765.0
378,Rajon Rondo,PG,35,"6' 1""",0.429,0.397,4.9,1.6,6.2,CLE,2.8000000000000003,0.9,0.0,50.22791404384631,200765.0
379,Russell Westbrook,PG,32,"6' 3""",0.444,0.298,7.1,3.8,18.5,LAL,7.4,1.0,0.3,71.91230735836768,201566.0
380,Devin Booker,SG,24,"6' 5""",0.466,0.383,4.8,2.4,26.8,PHO,5.1000000000000005,1.1,0.4,77.56674625569785,1626164.0
381,Mikal Bridges,SF,25,"6' 6""",0.534,0.369,2.3,0.8,14.2,PHO,4.2,1.2,0.4,59.57238984154547,1628969.0
382,Jae Crowder,PF,31,"6' 6""",0.399,0.348,1.9,0.8,9.4,PHO,5.2,1.4,0.4,50.151942695897546,203109.0
383,Langston Galloway,SG,29,"6' 1""",0.231,0.125,1.7,0.9,2.0,TOT,2.5,0.1,0.0,20.490557846754943,204038.0
384,Langston Galloway,SG,29,"6' 1""",0.385,0.25,1.3,1.3,3.0,BRK,2.1,0.0,0.0,29.031907966138487,204038.0
385,Langston Galloway,SG,29,"6' 1""",0.077,0.0,2.3,0.3,0.7,MIL,3.4000000000000004,0.3,0.0,12.925982200998481,204038.0
386,Chandler Hutchison,SF,25,"6' 6""",0.5,0.0,0.3,0.7,0.7,PHO,0.8,0.0,0.0,18.558714998914695,1628990.0
387,Cameron Johnson,SF,25,"6' 8""",0.46,0.425,1.5,0.7,12.5,PHO,4.1,0.9,0.2,53.66833080095507,
388,Frank Kaminsky,PF,28,"7' 0""",0.545,0.333,1.4,0.6,10.6,PHO,4.5,0.9,0.8,53.54894725417842,1626163.0
389,JaVale McGee,C,33,"7' 0""",0.629,0.222,0.6,1.3,9.2,PHO,6.7,0.3,1.1,50.82483177772954,201580.0
390,Abdel Nader,SF,27,"6' 5""",0.343,0.286,0.5,0.8,2.4,PHO,1.9000000000000001,0.6,0.3,29.162144562622096,1627846.0
391,Chris Paul,PG,36,"6' 0""",0.493,0.317,10.8,2.4,14.7,PHO,4.3,1.9,0.3,77.59930540481875,101108.0
392,Cameron Payne,PG,27,"6' 1""",0.409,0.336,4.9,1.8,10.8,PHO,3.0,0.7,0.3,53.125678315606685,1626166.0
393,Elfrid Payton,PG,27,"6' 3""",0.383,0.222,2.0,0.9,3.0,PHO,1.7000000000000002,0.5,0.1,31.093987410462336,203901.0
394,Landry Shamet,SG,24,"6' 4""",0.394,0.368,1.6,0.6,8.3,PHO,1.8,0.4,0.1,40.8725851964402,1629013.0
395,Jalen Smith,PF,21,"6' 10""",0.503,0.328,0.5,0.8,9.2,TOT,6.0,0.3,0.8,48.2200998480573,
396,Jalen Smith,PF,21,"6' 10""",0.46,0.231,0.2,0.8,6.0,PHO,4.8,0.2,0.6,37.25851964401997,
397,Jalen Smith,PF,21,"6' 10""",0.531,0.373,0.8,0.9,13.4,IND,7.6,0.4,1.0,58.519644019969604,
398,Marvin Bagley III,PF,22,"6' 11""",0.463,0.242,0.6,0.7,9.3,SAC,7.1000000000000005,0.3,0.4,44.33470805296288,1628963.0
399,Marvin Bagley III,PF,22,"6' 11""",0.555,0.229,1.1,1.0,14.6,DET,6.800000000000001,0.7,0.4,54.72107662253093,1628963.0
400,Harrison Barnes,SF,29,"6' 8""",0.469,0.394,2.4,1.5,16.4,SAC,5.6,0.7,0.2,60.11504232689385,203084.0
401,Terence Davis,SG,24,"6' 4""",0.423,0.329,1.3,1.1,10.4,SAC,3.1999999999999997,0.8,0.4,45.97351855871501,
402,De'Aaron Fox,PG,23,"6' 3""",0.473,0.297,5.6,2.8,23.2,SAC,3.9,1.2,0.4,71.8471890601259,1628368.0
403,Tyrese Haliburton,PG,21,"6' 5""",0.473,0.414,8.2,2.6,15.3,TOT,4.0,1.7,0.6,75.11395702192317,
404,Tyrese Haliburton,PG,21,"6' 5""",0.457,0.413,7.4,2.3,14.3,SAC,3.9000000000000004,1.7,0.7,71.95571955719558,
405,Tyrese Haliburton,PG,21,"6' 5""",0.502,0.416,9.6,3.2,17.5,IND,4.3,1.8,0.6,82.20099848057303,
406,Maurice Harkless,SF,28,"6' 7""",0.459,0.307,0.5,0.7,4.6,SAC,2.4,0.6,0.5,37.20425439548513,203090.0
407,Buddy Hield,SG,28,"6' 4""",0.406,0.366,2.8,1.9,15.6,TOT,4.3,0.9,0.3,56.71803776861297,1627741.0
408,Buddy Hield,SG,28,"6' 4""",0.382,0.368,1.9,1.6,14.4,SAC,4.0,0.9,0.3,52.42023008465379,1627741.0
409,Buddy Hield,SG,28,"6' 4""",0.447,0.362,4.8,2.4,18.2,IND,5.1000000000000005,1.0,0.4,66.60516605166052,1627741.0
410,Richaun Holmes,C,27,"6' 10""",0.66,0.4,1.1,1.2,10.4,SAC,7.1,0.4,0.9,60.125895376600816,1626158.0
411,Damian Jones,C,26,"6' 11""",0.658,0.345,1.2,1.1,8.1,SAC,4.4,0.5,0.8,53.06056001736488,1627745.0
412,Louis King,PF,22,"6' 7""",0.319,0.296,0.9,0.0,4.5,SAC,1.2,0.2,0.1,29.140438463208163,
413,Alex Len,C,28,"7' 0""",0.534,0.286,1.2,1.1,6.0,SAC,4.1,0.3,0.6,43.19513783373127,203458.0
414,Chimezie Metu,PF,24,"6' 9""",0.452,0.306,1.0,1.0,8.9,SAC,5.6,0.9,0.5,47.1456479270675,1629002.0
415,Davion Mitchell,PG,23,"6' 2""",0.418,0.316,4.2,1.5,11.5,SAC,2.2,0.7,0.3,51.1395702192316,
416,Neemias Queta,C,22,"7' 0""",0.447,0.0,0.4,0.4,3.2,SAC,2.2,0.1,0.6,23.561970913826784,
417,Jahmi'us Ramsey,SG,20,"6' 3""",0.414,0.278,0.4,0.3,3.2,SAC,0.7,0.1,0.1,28.28304753635772,
418,Tristan Thompson,C,30,"6' 9""",0.528,0.333,0.6,0.8,6.0,TOT,5.0,0.4,0.4,43.87887996527024,202684.0
419,Tristan Thompson,C,30,"6' 9""",0.503,1.0,0.6,1.0,6.2,SAC,5.4,0.4,0.4,65.43303668330802,202684.0
420,Tristan Thompson,C,30,"6' 9""",0.542,0.0,0.5,1.0,7.3,IND,4.6,0.0,0.5,33.27545040156284,202684.0
421,Tristan Thompson,C,30,"6' 9""",0.565,0.0,0.6,0.5,5.7,CHI,4.8,0.5,0.3,33.69871934013457,202684.0
422,Robert Woodard II,SF,21,"6' 6""",0.125,0.25,0.3,0.1,0.6,SAC,0.9,0.1,0.1,15.140004341219882,
423,Moses Brown,C,21,"7' 2""",0.593,0.0,0.0,0.5,4.3,TOT,3.4,0.2,0.4,29.61797265031474,
424,Moses Brown,C,21,"7' 2""",0.54,0.0,0.0,0.5,3.1,DAL,2.3,0.1,0.3,24.744953331886265,
425,Moses Brown,C,21,"7' 2""",0.638,0.0,0.0,0.4,6.4,CLE,5.2,0.3,0.5,35.96700672889082,
426,Sterling Brown,SF,26,"6' 5""",0.381,0.304,0.7,0.5,3.3,DAL,3.0,0.3,0.1,31.962231387019752,1628425.0
427,Jalen Brunson,PG,25,"6' 1""",0.502,0.373,4.8,1.6,16.3,DAL,3.9,0.8,0.0,63.43607553722595,1628973.0
428,Reggie Bullock,SF,30,"6' 6""",0.401,0.36,1.2,0.6,8.6,DAL,3.6,0.6,0.2,43.22769698285218,203493.0
429,Trey Burke,PG,28,"6' 0""",0.391,0.317,1.4,0.6,5.1,DAL,0.7999999999999999,0.3,0.0,33.47080529628826,203504.0
430,Willie Cauley-Stein,C,28,"7' 0""",0.457,0.5,0.5,0.4,1.7,TOT,2.0999999999999996,0.3,0.2,37.99652702409377,1626161.0
431,Willie Cauley-Stein,C,28,"7' 0""",0.457,0.5,0.5,0.4,1.9,DAL,2.0999999999999996,0.3,0.2,38.213588018233125,1626161.0
432,Willie Cauley-Stein,C,28,"7' 0""",0.0,0.0,0.5,0.0,0.0,PHI,1.0,0.0,0.0,2.170609941393532,1626161.0
433,Luka Doncic,PG,22,"6' 7""",0.457,0.353,8.7,4.5,28.4,DAL,9.200000000000001,1.2,0.6,91.92533101801605,1629029.0
434,Dorian Finney-Smith,PF,28,"6' 7""",0.471,0.395,1.9,1.0,11.0,DAL,4.7,1.1,0.5,54.569133926633384,1627827.0
435,Josh Green,SG,20,"6' 5""",0.508,0.359,1.2,0.7,4.8,DAL,2.4000000000000004,0.7,0.2,41.5780334273931,
436,Tim Hardaway Jr.,SF,29,"6' 5""",0.394,0.336,2.2,0.8,14.2,DAL,3.6999999999999997,0.9,0.1,51.22639461688735,203501.0
437,Maxi Kleber,PF,29,"6' 10""",0.398,0.325,1.2,0.8,7.0,DAL,5.9,0.5,1.0,45.02930323420882,1628467.0
438,Boban Marjanovic,C,33,"7' 4""",0.6,0.25,0.1,0.7,4.3,DAL,1.6,0.0,0.1,34.62122856522682,1626246.0
439,JaQuori McLaughlin,G,23,"6' 4""",0.0,0.0,0.5,0.0,0.0,DAL,0.0,0.0,0.0,1.085304970696766,
440,Eugene Omoruyi,F,24,"6' 6""",0.4,0.5,0.5,0.0,1.8,DAL,1.8,0.0,0.0,34.2956370740178,
441,Kristaps Porzingis,C,26,"7' 3""",0.459,0.31,2.3,1.6,20.2,TOT,8.1,0.7,1.6,68.23312350770566,204001.0
442,Kristaps Porzingis,C,26,"7' 3""",0.451,0.283,2.0,1.6,19.2,DAL,7.699999999999999,0.7,1.7,65.24853483828956,204001.0
443,Kristaps Porzingis,C,26,"7' 3""",0.475,0.367,2.9,1.6,22.1,WAS,8.8,0.7,1.5,74.40850879097026,204001.0
444,Dwight Powell,C,30,"6' 10""",0.671,0.351,1.2,0.8,8.7,DAL,4.9,0.5,0.5,53.89624484480139,203939.0
445,Tyrell Terry,PG,20,"6' 2""",1.0,0.0,0.0,0.0,1.0,MEM,0.0,0.0,0.0,33.64445409159974,
446,D.J. Augustin,PG,33,"5' 11""",0.404,0.406,2.2,1.3,5.4,HOU,1.2,0.3,0.0,39.28803993922293,201571.0
447,Avery Bradley,PG,30,"6' 3""",0.423,0.39,0.8,0.6,6.4,LAL,2.2,0.9,0.1,40.79661384849143,202340.0
448,Armoni Brooks,SG,23,"6' 3""",0.339,0.297,1.1,0.5,5.3,TOT,1.9,0.5,0.2,33.188626003907096,
449,Armoni Brooks,SG,23,"6' 3""",0.347,0.3,1.2,0.6,6.2,HOU,2.0,0.5,0.2,34.84914260907315,
450,Armoni Brooks,SG,23,"6' 3""",0.289,0.278,1.0,0.3,2.6,TOR,1.7000000000000002,0.5,0.2,27.57759930540482,
451,Josh Christopher,SG,19,"6' 5""",0.448,0.296,2.0,1.5,7.9,HOU,2.5,0.9,0.2,43.43390492728456,
452,Usman Garuba,PF,19,"6' 8""",0.432,0.25,0.7,0.3,2.0,HOU,3.5,0.4,0.5,32.62426741914478,
453,Eric Gordon,SG,32,"6' 3""",0.475,0.412,2.7,1.9,13.4,HOU,2.0,0.5,0.3,54.05904059040591,201569.0
454,Jalen Green,SG,19,"6' 6""",0.426,0.343,2.6,2.0,17.3,HOU,3.4,0.7,0.3,56.403299327110915,
455,Danuel House Jr.,SF,28,"6' 6""",0.404,0.376,1.0,0.8,5.9,TOT,2.6,0.5,0.4,39.72216192750162,1627863.0
456,Danuel House Jr.,SF,28,"6' 6""",0.338,0.294,1.2,1.1,4.8,HOU,2.6999999999999997,0.3,0.3,33.27545040156284,1627863.0
457,Danuel House Jr.,SF,28,"6' 6""",0.0,0.0,0.0,0.0,0.0,NYK,0.0,0.0,0.0,0.0,1627863.0
458,Danuel House Jr.,SF,28,"6' 6""",0.447,0.415,1.0,0.6,6.8,UTA,2.8000000000000003,0.6,0.5,44.23703060560017,1627863.0
459,Anthony Lamb,SF,23,"6' 6""",0.0,0.0,1.0,0.0,0.0,SAS,0.5,0.0,0.0,2.7132624267419145,
460,Kenyon Martin Jr.,SF,20,"6' 6""",0.533,0.357,1.3,0.8,8.8,HOU,3.7,0.4,0.5,48.29607119600608,
461,David Nwaba,SF,28,"6' 5""",0.483,0.306,0.8,0.5,5.1,HOU,3.3,0.6,0.4,39.7981332754504,1628021.0
462,Kevin Porter Jr.,SG,21,"6' 4""",0.415,0.375,6.2,3.1,15.6,HOU,4.4,1.1,0.4,65.76948122422401,
463,Alperen Sengun,C,19,"6' 9""",0.474,0.248,2.6,2.0,9.6,HOU,5.4,0.8,0.9,50.965921423920115,
464,Jae'Sean Tate,SF,25,"6' 4""",0.498,0.312,2.8,1.8,11.8,HOU,5.4,0.9,0.5,55.67614499674408,
465,Daniel Theis,C,29,"6' 8""",0.519,0.308,0.9,1.0,8.2,TOT,4.9,0.4,0.7,46.67896678966789,1628464.0
466,Daniel Theis,C,29,"6' 8""",0.469,0.291,0.8,1.2,8.4,HOU,5.0,0.4,0.7,44.60603429563707,1628464.0
467,Daniel Theis,C,29,"6' 8""",0.598,0.357,1.0,0.7,7.9,BOS,4.7,0.4,0.7,50.52094638593444,1628464.0
468,D.J. Wilson,PF,25,"6' 10""",0.733,0.0,1.3,0.5,7.5,TOR,4.1,1.3,0.3,44.48665074886043,1628391.0
469,Christian Wood,C,25,"6' 10""",0.501,0.39,2.3,1.9,17.9,HOU,10.1,0.8,1.0,70.25179075320165,1626174.0
470,Steven Adams,C,28,"6' 11""",0.547,0.0,3.4,1.5,6.9,MEM,10.0,0.9,0.8,49.06663772520077,203500.0
471,Santi Aldama,PF,20,"6' 11""",0.402,0.125,0.7,0.5,4.1,MEM,2.7,0.2,0.3,27.68612980247449,
472,Kyle Anderson,SF,27,"6' 9""",0.446,0.33,2.7,1.0,7.6,MEM,5.3,1.1,0.7,50.987627523334055,203937.0
473,Desmond Bane,SG,23,"6' 5""",0.461,0.436,2.7,1.5,18.2,MEM,4.3999999999999995,1.2,0.4,64.80355980030387,
474,Dillon Brooks,SF,25,"6' 7""",0.432,0.309,2.8,1.6,18.4,MEM,3.1999999999999997,1.1,0.3,58.204905578467546,1628415.0
475,Brandon Clarke,PF,24,"6' 8""",0.644,0.227,1.3,0.5,10.4,MEM,5.300000000000001,0.6,1.1,53.755155198610815,
476,Jarrett Culver,G,22,"6' 6""",0.378,0.255,0.9,0.5,3.5,MEM,1.3,0.5,0.1,29.726503147384413,
477,Tim Frazier,PG,30,"6' 0""",0.311,0.353,2.8,1.3,3.3,TOT,1.6,0.3,0.1,34.31734317343173,204025.0
478,Tim Frazier,PG,30,"6' 0""",0.302,0.353,3.3,1.3,3.7,ORL,1.9,0.3,0.1,35.86932928152811,204025.0
479,Tim Frazier,PG,30,"6' 0""",0.5,0.0,0.5,1.0,1.0,CLE,0.0,0.0,0.0,18.45018450184502,204025.0
480,Juancho Hernangomez,F,25,"6' 9""",0.415,0.348,0.5,0.4,3.3,TOT,2.5,0.4,0.3,34.501845018450176,1627823.0
481,Juancho Hernangomez,F,25,"6' 9""",0.185,0.167,0.2,0.3,1.1,BOS,1.4,0.2,0.1,15.584979379205558,1627823.0
482,Juancho Hernangomez,F,25,"6' 9""",0.333,0.0,0.6,0.4,1.4,SAS,3.0,0.2,0.2,18.222270457998697,1627823.0
483,Juancho Hernangomez,F,25,"6' 9""",0.507,0.438,0.8,0.5,6.2,UTA,3.5,0.5,0.4,45.96266550900803,1627823.0
484,Jaren Jackson Jr.,PF,21,"6' 11""",0.415,0.319,1.1,1.7,16.3,MEM,5.8,0.9,2.3,60.69025396136315,1628991.0
485,Tyus Jones,PG,25,"6' 0""",0.451,0.39,4.4,0.6,8.7,MEM,2.4000000000000004,0.9,0.0,51.910136748426304,1626145.0
486,John Konchar,SG,25,"6' 5""",0.515,0.413,1.5,0.4,4.8,MEM,4.6,0.6,0.3,46.602995441719116,
487,De'Anthony Melton,SG,23,"6' 2""",0.404,0.374,2.7,1.5,10.8,MEM,4.5,1.4,0.5,53.98306924245714,1629001.0
488,Sam Merrill,SG,25,"6' 4""",0.333,0.304,0.7,0.3,4.2,MEM,1.2,0.0,0.0,28.120251790753205,
489,Ja Morant,PG,22,"6' 3""",0.493,0.344,6.7,3.4,27.4,MEM,5.800000000000001,1.2,0.4,83.03668330800956,
490,Daniel Oturu,C,21,"6' 8""",0.5,0.0,0.0,0.0,3.0,TOR,1.6,0.0,0.7,23.551117864119817,
491,Yves Pons,G,22,"6' 6""",0.313,0.333,0.1,0.1,1.1,MEM,1.0,0.1,0.3,24.831777729542004,
492,Killian Tillie,C,23,"6' 9""",0.339,0.314,0.6,0.4,3.3,MEM,1.7000000000000002,0.6,0.4,31.245930106359886,
493,Ziaire Williams,SG,19,"6' 8""",0.45,0.314,1.0,0.7,8.1,MEM,2.1,0.6,0.2,40.720642500542645,
494,Nickeil Alexander-Walker,SG,23,"6' 6""",0.372,0.311,2.4,1.4,10.6,TOT,2.9,0.7,0.4,45.680486216626875,
495,Nickeil Alexander-Walker,SG,23,"6' 6""",0.375,0.311,2.8,1.7,12.8,NOP,3.3,0.8,0.4,49.79379205556761,
496,Nickeil Alexander-Walker,SG,23,"6' 6""",0.333,0.303,1.1,0.5,3.5,UTA,1.6,0.3,0.3,30.58389407423486,
497,Wenyen Gabriel,PF,24,"6' 9""",0.491,0.286,0.5,0.6,5.4,TOT,3.7,0.2,0.4,38.213588018233125,1629117.0
498,Wenyen Gabriel,PF,24,"6' 9""",0.0,0.0,0.0,0.0,0.0,BRK,1.0,0.0,0.0,1.085304970696766,1629117.0
499,Wenyen Gabriel,PF,24,"6' 9""",0.385,0.4,0.3,0.5,2.3,LAC,2.3,0.2,0.3,32.830475363577165,1629117.0
500,Wenyen Gabriel,PF,24,"6' 9""",0.505,0.261,0.6,0.7,6.7,LAL,4.3,0.2,0.5,40.46016930757543,1629117.0
501,Devonte' Graham,G,26,"6' 1""",0.363,0.341,4.2,1.4,11.9,NOP,2.3,0.9,0.2,51.03103972216192,1628984.0
502,Josh Hart,SG,26,"6' 5""",0.504,0.343,4.1,2.1,14.9,TOT,7.1,1.1,0.2,64.58649880616454,1628404.0
503,Josh Hart,SG,26,"6' 5""",0.505,0.323,4.1,2.0,13.4,NOP,7.8,1.1,0.3,63.42522248751899,1628404.0
504,Josh Hart,SG,26,"6' 5""",0.503,0.373,4.3,2.5,19.9,POR,5.4,1.2,0.2,69.87193401345777,1628404.0
505,Jaxson Hayes,C,21,"6' 11""",0.616,0.351,0.6,0.8,9.3,NOP,4.5,0.5,0.8,51.99696114608204,
506,Willy Hernangomez,C,27,"6' 11""",0.52,0.333,1.3,1.0,9.1,NOP,6.8,0.4,0.4,50.455828087692645,1626195.0
507,Brandon Ingram,SF,24,"6' 8""",0.461,0.327,5.6,2.7,22.7,NOP,5.8,0.6,0.5,72.32472324723247,1627742.0
508,Herbert Jones,SF,22,"6' 8""",0.476,0.337,2.1,1.3,9.5,NOP,3.8,1.7,0.8,53.60321250271326,
509,Kira Lewis Jr.,PG,20,"6' 1""",0.404,0.224,2.0,1.1,5.9,NOP,1.7000000000000002,0.5,0.0,34.6646407640547,
510,Didi Louzada,SF,22,"6' 5""",0.364,0.391,0.6,0.6,3.9,TOT,1.9,0.2,0.2,33.48165834599522,
511,Didi Louzada,SF,22,"6' 5""",0.0,0.0,0.5,0.0,0.0,NOP,1.0,0.0,0.0,2.170609941393532,
512,Didi Louzada,SF,22,"6' 5""",0.4,0.45,0.6,0.7,5.0,POR,2.1,0.3,0.3,38.63685695680486,
513,Naji Marshall,SF,23,"6' 7""",0.405,0.2,1.1,0.8,5.7,NOP,2.5999999999999996,0.6,0.1,33.37312784892555,
514,Trey Murphy III,SG,21,"6' 9""",0.394,0.382,0.6,0.3,5.4,NOP,2.4000000000000004,0.4,0.1,36.661601910136746,
515,Tomas Satoransky,SG,29,"6' 7""",0.377,0.208,3.3,0.8,3.6,TOT,2.3,0.5,0.1,34.56696331669199,203107.0
516,Tomas Satoransky,SG,29,"6' 7""",0.299,0.161,2.4,0.7,2.8,NOP,2.0,0.4,0.0,26.698502279140442,203107.0
517,Tomas Satoransky,SG,29,"6' 7""",0.0,0.0,0.0,0.0,3.0,SAS,1.0,0.0,0.0,4.341219882787064,203107.0
518,Tomas Satoransky,SG,29,"6' 7""",0.476,0.273,4.9,1.0,4.9,WAS,2.8,0.7,0.2,46.309963099631,203107.0
519,Garrett Temple,SF,35,"6' 5""",0.376,0.319,1.3,0.7,5.2,NOP,2.4,0.7,0.4,37.2802257434339,202066.0
520,Jonas Valanciunas,C,29,"6' 11""",0.544,0.361,2.6,2.4,17.8,NOP,11.4,0.6,0.8,71.35880182331235,202685.0
521,Keita Bates-Diop,SF,25,"6' 8""",0.517,0.309,0.7,0.8,5.7,SAS,4.0,0.5,0.2,41.21988278706316,1628966.0
522,Zach Collins,PF,23,"6' 11""",0.49,0.341,2.2,1.6,7.8,SAS,5.4,0.5,0.8,50.39070978945084,1628380.0
523,Drew Eubanks,PF,24,"6' 9""",0.596,0.217,1.2,1.1,7.7,TOT,5.3,0.4,0.6,46.4401996961146,1629234.0
524,Drew Eubanks,PF,24,"6' 9""",0.528,0.125,1.0,0.9,4.7,SAS,4.0,0.3,0.6,35.804210983286296,1629234.0
525,Drew Eubanks,PF,24,"6' 9""",0.646,0.267,1.6,1.6,14.5,POR,8.5,0.8,0.5,62.394182765357066,1629234.0
526,Bryn Forbes,SG,28,"6' 2""",0.429,0.414,1.0,0.7,8.8,TOT,1.2000000000000002,0.3,0.1,41.773388322118514,1627854.0
527,Bryn Forbes,SG,28,"6' 2""",0.432,0.417,1.0,0.8,9.1,SAS,1.6,0.4,0.1,43.0540481875407,1627854.0
528,Bryn Forbes,SG,28,"6' 2""",0.424,0.41,1.0,0.7,8.6,DEN,0.8999999999999999,0.2,0.1,40.61211200347298,1627854.0
529,DaQuan Jeffries,SG,24,"6' 5""",0.5,0.0,0.3,0.0,0.7,MEM,0.7,0.0,0.0,18.45018450184502,
530,Keldon Johnson,SF,21,"6' 5""",0.466,0.398,2.1,1.2,17.0,SAS,6.1,0.8,0.2,61.01584545257218,
531,Tre Jones,PG,21,"6' 1""",0.49,0.196,3.4,0.7,6.0,SAS,2.2,0.6,0.1,40.89429129585413,
532,Jock Landale,C,25,"6' 11""",0.495,0.326,0.8,0.6,4.9,SAS,2.5999999999999996,0.2,0.3,38.235294117647065,
533,Doug McDermott,SF,29,"6' 7""",0.462,0.422,1.3,0.8,11.3,SAS,2.3,0.3,0.1,47.66659431300195,203926.0
534,Dejounte Murray,PG,24,"6' 4""",0.462,0.327,9.2,2.6,21.1,SAS,8.299999999999999,2.0,0.3,85.05535055350552,1627749.0
535,Jakob Poeltl,C,25,"7' 1""",0.618,1.0,2.8,1.6,13.5,SAS,9.4,0.7,1.7,91.42609073149556,1627751.0
536,Joshua Primo,SG,18,"6' 6""",0.374,0.307,1.6,1.1,5.8,SAS,2.2,0.4,0.5,37.25851964401997,
537,Devin Vassell,SG,21,"6' 5""",0.427,0.361,1.9,0.8,12.3,SAS,4.3,1.1,0.6,53.33188626003908,
538,Lonnie Walker IV,SG,22,"6' 4""",0.407,0.314,2.2,1.0,12.1,SAS,2.5999999999999996,0.6,0.3,47.134794877360534,1629022.0
539,Derrick White,PG,27,"6' 4""",0.421,0.312,4.9,1.6,13.2,TOT,3.5,0.9,0.8,58.16149337963969,1628401.0
540,Derrick White,PG,27,"6' 4""",0.426,0.314,5.6,1.8,14.4,SAS,3.5,1.0,0.9,61.862383329715655,1628401.0
541,Derrick White,PG,27,"6' 4""",0.409,0.306,3.5,1.2,11.0,BOS,3.4,0.6,0.6,50.41241588886477,1628401.0
542,Joe Wieskamp,SF,22,"6' 6""",0.357,0.326,0.3,0.1,2.1,SAS,0.4,0.1,0.1,26.25352724115476,
543,Thaddeus Young,PF,33,"6' 8""",0.518,0.354,2.0,1.0,6.2,TOT,4.0,1.0,0.3,48.03559800303886,201152.0
544,Thaddeus Young,PF,33,"6' 8""",0.578,0.0,2.3,1.2,6.1,SAS,3.5,0.9,0.3,38.13761667028435,201152.0
545,Thaddeus Young,PF,33,"6' 8""",0.465,0.395,1.7,0.8,6.3,TOR,4.4,1.2,0.4,48.513132190145434,201152.0
546,Will Barton,SF,30,"6' 6""",0.438,0.365,3.9,1.8,14.7,DEN,4.8,0.8,0.4,59.68092033861514,203115.0
547,Bol Bol,C,21,"7' 2""",0.556,0.25,0.4,0.3,2.4,DEN,1.4000000000000001,0.1,0.1,31.88626003907098,
548,Facundo Campazzo,PG,30,"5' 10""",0.361,0.301,3.4,1.0,5.1,DEN,1.7999999999999998,1.0,0.4,40.98111569350987,
549,Vlatko Cancar,SF,24,"6' 8""",0.561,0.583,1.1,0.6,4.1,DEN,2.0,0.1,0.2,47.23247232472324,
550,PJ Dozier,SG,24,"6' 6""",0.364,0.313,1.6,0.7,5.4,DEN,3.5,0.6,0.3,38.105057521163445,1628408.0
551,Aaron Gordon,PF,25,"6' 8""",0.52,0.335,2.5,1.8,15.0,DEN,5.9,0.6,0.6,59.854569133926624,203932.0
552,JaMychal Green,PF,31,"6' 8""",0.486,0.266,0.9,0.9,6.4,DEN,4.2,0.6,0.4,41.19817668764923,203210.0
553,Jeff Green,PF,35,"6' 8""",0.524,0.315,1.3,0.9,10.3,DEN,3.0,0.4,0.4,47.17820707618841,201145.0
554,Shaquille Harrison,SG,27,"6' 7""",0.333,0.0,1.5,1.0,2.0,BRK,2.0,0.5,0.5,21.69524636422835,1627885.0
555,Markus Howard,PG,22,"5' 10""",0.386,0.4,0.2,0.2,4.1,DEN,0.4,0.3,0.0,31.88626003907098,
556,Nikola Jokic,C,26,"6' 11""",0.583,0.337,7.9,3.8,27.1,DEN,13.8,1.5,0.9,99.30540481875407,203999.0
557,Monte Morris,PG,26,"6' 2""",0.484,0.395,4.4,1.0,12.6,DEN,3.1,0.7,0.2,58.139787280225754,1628420.0
558,Zeke Nnaji,PF,20,"6' 9""",0.516,0.463,0.4,0.6,6.6,DEN,3.6,0.4,0.3,46.09290210549164,
559,Michael Porter Jr.,SF,23,"6' 10""",0.359,0.208,1.9,1.3,9.9,DEN,6.6,1.1,0.2,44.72541784241372,1629008.0
560,Austin Rivers,SG,29,"6' 4""",0.417,0.342,1.3,0.8,6.0,DEN,1.7,0.8,0.1,38.821358801823315,203085.0
561,Malik Beasley,SG,24,"6' 4""",0.391,0.377,1.5,0.5,12.1,MIN,2.8,0.5,0.2,46.7115259387888,1627736.0
562,Patrick Beverley,PG,33,"6' 1""",0.406,0.343,4.6,1.3,9.2,MIN,4.2,1.2,0.9,55.75211634469286,201976.0
563,Ed Davis,C,32,"6' 9""",0.688,0.0,0.2,0.2,0.9,CLE,2.1,0.1,0.3,27.39309746038636,202334.0
564,Anthony Edwards,SF,20,"6' 4""",0.441,0.357,3.8,2.6,21.3,MIN,4.8,1.5,0.6,69.3943998263512,
565,Nathan Knight,F,23,"6' 10""",0.511,0.308,0.6,0.5,3.7,MIN,2.3,0.2,0.2,35.78250488387237,
566,Jake Layman,SF,27,"6' 8""",0.411,0.229,0.3,0.3,2.4,MIN,1.1,0.2,0.1,26.264380290861734,1627774.0
567,Jaden McDaniels,PF,20,"6' 9""",0.46,0.317,1.1,1.1,9.2,MIN,4.2,0.7,0.8,47.1130887779466,
568,Jordan McLaughlin,PG,25,"5' 11""",0.44,0.318,2.9,0.6,3.8,MIN,1.6,0.9,0.2,40.416757108747554,
569,Jaylen Nowell,SG,22,"6' 4""",0.475,0.394,2.1,0.6,8.5,MIN,2.0,0.4,0.2,46.20143260256132,
570,Josh Okogie,SF,23,"6' 4""",0.404,0.298,0.5,0.5,2.7,MIN,1.4,0.5,0.2,30.670718471890602,1629006.0
571,Taurean Prince,PF,27,"6' 7""",0.454,0.376,1.0,0.8,7.3,MIN,2.5,0.7,0.3,43.0866073366616,1627752.0
572,Naz Reid,C,22,"6' 9""",0.489,0.343,0.9,1.1,8.3,MIN,3.9000000000000004,0.5,0.9,46.841762535272416,
573,D'Angelo Russell,PG,25,"6' 4""",0.411,0.34,7.1,2.5,18.1,MIN,3.3,1.0,0.3,67.32146733232038,1626156.0
574,Karl-Anthony Towns,C,25,"6' 11""",0.529,0.41,3.6,3.1,24.6,MIN,9.8,1.0,1.1,82.55914912090299,1626157.0
575,Jarred Vanderbilt,PF,22,"6' 9""",0.587,0.143,1.3,1.0,6.9,MIN,8.4,1.3,0.6,49.38137616670284,1629020.0
576,Darius Bazley,PF,21,"6' 8""",0.422,0.297,1.4,1.3,10.8,OKC,6.3,0.8,1.0,50.868243976557416,
577,Charlie Brown Jr.,F,24,"6' 6""",0.256,0.083,0.3,0.2,1.4,TOT,1.4,0.5,0.2,17.00672889081832,
578,Charlie Brown Jr.,F,24,"6' 6""",0.2,0.0,0.3,0.0,0.7,DAL,0.3,0.7,0.3,11.504232689385717,
579,Charlie Brown Jr.,F,24,"6' 6""",0.265,0.111,0.3,0.3,1.5,PHI,1.6,0.4,0.2,18.21141740829173,
580,Charlie Brown Jr.,SF,24,"6' 6""",0.256,0.083,0.3,0.2,1.4,TOT,1.4,0.5,0.2,17.00672889081832,
581,Charlie Brown Jr.,SF,24,"6' 6""",0.2,0.0,0.3,0.0,0.7,DAL,0.3,0.7,0.3,11.504232689385717,
582,Charlie Brown Jr.,SF,24,"6' 6""",0.265,0.111,0.3,0.3,1.5,PHI,1.6,0.4,0.2,18.21141740829173,
583,Gabriel Deck,SF,26,"6' 6""",0.571,0.5,0.7,0.3,2.6,OKC,0.7999999999999999,0.1,0.0,40.405904059040594,
584,Luguentz Dort,SF,22,"6' 3""",0.404,0.332,1.7,1.7,17.2,OKC,4.1,0.9,0.4,55.00325591491209,
585,Derrick Favors,C,30,"6' 9""",0.516,0.125,0.6,0.2,5.3,OKC,4.7,0.4,0.3,35.30497069676579,202324.0
586,Josh Giddey,SG,18,"6' 8""",0.419,0.263,6.4,3.2,12.5,OKC,7.8,0.9,0.4,62.36162361623616,
587,Shai Gilgeous-Alexander,SG,23,"6' 6""",0.453,0.3,5.9,2.8,24.5,OKC,5.0,1.3,0.8,76.17755589320598,1628983.0
588,Jaylen Hoard,SF,22,"6' 8""",0.489,0.36,2.4,1.1,14.7,OKC,12.0,0.9,0.7,67.03928803993921,
589,Ty Jerome,SG,24,"6' 5""",0.378,0.29,2.3,0.8,7.1,OKC,1.6,0.6,0.1,38.46320816149338,
590,Vit Krejci,F,21,"6' 8""",0.407,0.327,1.9,1.0,6.2,OKC,3.4,0.6,0.3,41.371825482960716,
591,Theo Maledon,PG,20,"6' 4""",0.375,0.293,2.2,1.3,7.1,OKC,2.6,0.6,0.2,39.65704362925982,
592,Tre Mann,PG,20,"6' 3""",0.393,0.36,1.5,1.2,10.4,OKC,2.8,0.8,0.2,45.354894725417836,
593,Mike Muscala,C,30,"6' 10""",0.456,0.429,0.5,0.3,8.0,OKC,3.0,0.4,0.6,45.09442153245061,203488.0
594,Svi Mykhailiuk,SG,24,"6' 7""",0.389,0.306,0.8,0.6,4.6,TOR,1.7000000000000002,0.5,0.1,33.15606685478619,1629004.0
595,Aleksej Pokusevski,PF,19,"7' 0""",0.408,0.289,2.1,1.5,7.6,OKC,5.2,0.6,0.6,45.05100933362275,
596,Jeremiah Robinson-Earl,PF,20,"6' 8""",0.414,0.352,1.0,0.8,7.5,OKC,5.6,0.6,0.3,44.258736705014115,
597,Isaiah Roby,C,23,"6' 8""",0.514,0.444,1.6,1.0,10.1,OKC,4.9,0.8,0.8,56.15367918385067,
598,Aaron Wiggins,SG,22,"6' 5""",0.463,0.304,1.4,1.1,8.3,OKC,3.5,0.6,0.2,43.42305187757759,
599,Kenrich Williams,SF,26,"6' 6""",0.461,0.339,2.2,0.9,7.4,OKC,4.5,0.9,0.2,47.319296722378986,1629026.0
600,Keljin Blevins,SF,25,"6' 4""",0.306,0.292,0.6,0.5,3.1,POR,1.4,0.4,0.0,26.95897547210766,
601,Robert Covington,PF,30,"6' 7""",0.42,0.378,1.3,1.1,8.5,TOT,5.5,1.5,1.3,53.114825265899725,203496.0
602,Robert Covington,PF,30,"6' 7""",0.381,0.343,1.4,1.2,7.6,POR,5.800000000000001,1.5,1.3,50.2713262426742,203496.0
603,Robert Covington,PF,30,"6' 7""",0.5,0.45,1.0,0.7,10.4,LAC,5.1,1.3,1.2,58.063815932276974,203496.0
604,CJ Elleby,SG,21,"6' 6""",0.393,0.294,1.5,1.0,5.8,POR,3.9,0.6,0.3,39.081831994790534,
605,Damian Lillard,PG,31,"6' 2""",0.402,0.324,7.3,2.9,24.0,POR,4.1000000000000005,0.6,0.4,73.23637942261774,203081.0
606,Nassir Little,SF,21,"6' 5""",0.46,0.331,1.3,1.0,9.8,POR,5.6,0.6,0.9,50.173648795311486,
607,CJ McCollum,SG,29,"6' 3""",0.46,0.388,5.1,2.0,22.1,TOT,4.4,1.1,0.4,72.32472324723247,203468.0
608,CJ McCollum,SG,29,"6' 3""",0.436,0.384,4.5,1.9,20.5,POR,4.2,1.0,0.6,68.48274365096592,203468.0
609,CJ McCollum,SG,29,"6' 3""",0.493,0.394,5.8,2.2,24.3,NOP,4.4,1.3,0.0,76.85044497503799,203468.0
610,Ben McLemore,SG,28,"6' 3""",0.401,0.362,0.9,0.9,10.2,POR,1.5999999999999999,0.6,0.2,42.207510310397225,203463.0
611,Larry Nance Jr.,PF,28,"6' 7""",0.522,0.329,1.8,0.8,7.0,TOT,5.4,0.9,0.4,49.30540481875408,1626204.0
612,Larry Nance Jr.,PF,28,"6' 7""",0.515,0.306,2.0,0.7,6.9,POR,5.699999999999999,1.0,0.4,49.30540481875407,1626204.0
613,Larry Nance Jr.,PF,28,"6' 7""",0.551,0.5,0.9,1.1,7.3,NOP,4.4,0.6,0.8,53.42956370740178,1626204.0
614,Jusuf Nurkic,C,27,"6' 11""",0.535,0.268,2.8,2.6,15.0,POR,11.1,1.1,0.6,66.08421966572607,203994.0
615,Norman Powell,SF,28,"6' 3""",0.461,0.419,2.1,1.5,19.0,TOT,3.1999999999999997,0.9,0.5,61.862383329715655,1626181.0
616,Norman Powell,SF,28,"6' 3""",0.456,0.406,2.1,1.6,18.7,POR,3.3,1.0,0.4,61.059257651400046,1626181.0
617,Norman Powell,SF,28,"6' 3""",0.508,0.542,2.8,1.4,21.4,LAC,2.8000000000000003,0.4,0.8,70.4362925982201,1626181.0
618,Anfernee Simons,SG,22,"6' 3""",0.443,0.405,3.9,2.0,17.3,POR,2.7,0.5,0.1,59.735185587149985,1629014.0
619,Tony Snell,SF,29,"6' 6""",0.404,0.352,0.5,0.4,3.5,TOT,1.9000000000000001,0.3,0.2,33.1886260039071,203503.0
620,Tony Snell,SF,29,"6' 6""",0.371,0.32,0.5,0.3,2.6,POR,1.9000000000000001,0.2,0.2,29.769915346212283,203503.0
621,Tony Snell,SF,29,"6' 6""",0.446,0.396,0.5,0.5,5.9,NOP,2.0,0.5,0.1,39.0275667462557,203503.0
622,Trendon Watford,F,20,"6' 9""",0.532,0.237,1.7,0.9,7.6,POR,4.2,0.5,0.6,45.11612763186456,
623,Cody Zeller,C,28,"6' 11""",0.567,0.0,0.8,0.7,5.2,POR,4.699999999999999,0.3,0.2,32.57000217060994,203469.0
624,Bojan Bogdanovic,SF,32,"6' 7""",0.455,0.387,1.7,1.7,18.1,UTA,4.2,0.5,0.0,56.93509876275233,202711.0
625,Jared Butler,SG,21,"6' 3""",0.404,0.318,1.5,0.8,3.8,UTA,1.1,0.4,0.2,34.03516388105058,
626,Jordan Clarkson,PG,29,"6' 4""",0.419,0.318,2.5,1.6,16.0,UTA,3.4000000000000004,0.8,0.2,53.733449099196875,203903.0
627,Mike Conley,PG,33,"6' 1""",0.435,0.408,5.3,1.7,13.7,UTA,3.0999999999999996,1.3,0.3,62.394182765357066,201144.0
628,Trent Forrest,SG,23,"6' 4""",0.49,0.185,1.8,0.8,3.3,UTA,1.7000000000000002,0.5,0.1,33.26459735185587,
629,Rudy Gay,SF,35,"6' 8""",0.414,0.345,1.0,0.9,8.1,UTA,4.4,0.5,0.3,43.0540481875407,200752.0
630,Rudy Gobert,C,29,"7' 1""",0.713,0.0,1.1,1.8,15.6,UTA,14.7,0.7,2.1,67.60364662470154,203497.0
631,Elijah Hughes,SF,23,"6' 5""",0.326,0.263,0.6,0.5,3.5,TOT,1.5999999999999999,0.4,0.2,27.96830909485566,
632,Elijah Hughes,SF,23,"6' 5""",0.417,0.357,0.4,0.5,3.1,UTA,1.2000000000000002,0.3,0.1,32.03820273496852,
633,Elijah Hughes,SF,23,"6' 5""",0.296,0.224,0.7,0.5,3.8,POR,1.9,0.5,0.3,27.24115476448882,
634,Joe Ingles,SG,33,"6' 8""",0.404,0.347,3.5,1.0,7.2,UTA,2.9,0.5,0.1,44.964184935967005,204060.0
635,Donovan Mitchell,SG,25,"6' 1""",0.448,0.355,5.3,3.0,25.9,UTA,4.2,1.5,0.2,75.85196440199697,1628378.0
636,Juwan Morgan,SF,24,"6' 7""",0.667,0.5,0.5,0.0,2.5,TOT,2.0,0.0,0.0,43.96570436292599,
637,Juwan Morgan,SF,24,"6' 7""",0.667,0.5,1.0,0.0,5.0,TOR,4.0,0.0,0.0,49.9348817017582,
638,Juwan Morgan,SF,24,"6' 7""",0.0,0.0,0.0,0.0,0.0,BOS,0.0,0.0,0.0,0.0,
639,Royce O'Neale,PF,28,"6' 4""",0.457,0.389,2.5,1.0,7.4,UTA,4.7,1.1,0.4,50.987627523334055,1626220.0
640,Eric Paschall,F,24,"6' 6""",0.485,0.37,0.6,0.5,5.8,UTA,1.8,0.2,0.1,38.365530714130664,
641,Hassan Whiteside,C,32,"7' 0""",0.652,0.0,0.4,0.8,8.2,UTA,7.6,0.3,1.6,45.430866073366616,202355.0
